State,Region,Food insecurity,Median household income,Children eligible for free lunch
AL,South,0.136,51441,0.361
AL,South,0.135,51868,0.383
AL,South,0.131,48867,0.368
AL,South,0.135,47539,0.344
AL,South,0.23,30287,0.664
AL,South,0.227,30981,0.697
AL,South,0.158,37392,0.535
AL,South,0.154,39781,0.546
AL,South,0.121,44225,0.439
AL,South,0.118,44392,0.442
AL,South,0.27,25854,0.901
AL,South,0.241,25937,0.86
AL,South,0.227,30605,0.679
AL,South,0.221,31041,0.694
AL,South,0.175,39212,0.51
AL,South,0.172,37898,0.53
AL,South,0.21,32320,0.651
AL,South,0.205,33883,0.661
AL,South,0.15,37868,0.508
AL,South,0.148,37478,0.534
AL,South,0.145,39621,0.523
AL,South,0.142,41348,0.533
AL,South,0.199,33390,0.683
AL,South,0.185,33581,0.711
AL,South,0.244,34606,0.601
AL,South,0.223,34593,0.606
AL,South,0.176,34579,0.524
AL,South,0.169,33344,0.555
AL,South,0.134,38235,0.486
AL,South,0.138,40407,0.502
AL,South,0.151,45631,0.363
AL,South,0.15,44666,0.385
AL,South,0.158,39771,0.444
AL,South,0.156,40032,0.466
AL,South,0.244,27110,0.813
AL,South,0.228,27196,0.813
AL,South,0.178,32960,0.65
AL,South,0.169,35175,0.678
AL,South,0.163,34017,0.47
AL,South,0.16,35187,0.484
AL,South,0.168,33648,0.504
AL,South,0.167,34105,0.522
AL,South,0.134,37938,0.448
AL,South,0.137,40142,0.42
AL,South,0.166,40125,0.519
AL,South,0.167,41805,0.546
AL,South,0.315,27400,0.77
AL,South,0.289,27524,0.791
AL,South,0.153,37644,0.587
AL,South,0.141,36713,0.601
AL,South,0.144,52324,0.41
AL,South,0.141,51650,0.426
AL,South,0.201,33588,0.617
AL,South,0.196,33455,0.644
AL,South,0.16,35737,0.487
AL,South,0.158,38587,0.521
AL,South,0.167,35720,0.483
AL,South,0.158,35661,0.498
AL,South,0.155,33173,0.57
AL,South,0.149,33332,0.576
AL,South,0.153,33347,0.541
AL,South,0.155,35378,0.553
AL,South,0.3,24592,0.873
AL,South,0.275,25864,0.878
AL,South,0.243,31025,0.676
AL,South,0.229,33597,0.612
AL,South,0.156,37108,0.534
AL,South,0.158,41590,0.544
AL,South,0.17,40609,0.536
AL,South,0.171,39636,0.561
AL,South,0.139,39618,0.5
AL,South,0.138,37204,0.489
AL,South,0.191,43967,0.425
AL,South,0.183,45024,0.457
AL,South,0.164,33940,0.501
AL,South,0.162,36475,0.481
AL,South,0.15,41536,0.416
AL,South,0.151,43586,0.446
AL,South,0.148,38524,0.503
AL,South,0.147,40713,0.528
AL,South,0.172,43182,0.398
AL,South,0.174,44647,0.391
AL,South,0.134,49616,0.392
AL,South,0.131,50148,0.409
AL,South,0.292,28544,0.908
AL,South,0.258,29734,0.935
AL,South,0.282,27709,0.981
AL,South,0.26,29228,0.915
AL,South,0.15,57072,0.321
AL,South,0.147,58258,0.31
AL,South,0.226,31888,0.62
AL,South,0.214,33749,0.625
AL,South,0.164,32237,0.476
AL,South,0.16,34162,0.478
AL,South,0.144,36960,0.486
AL,South,0.14,38399,0.484
AL,South,0.196,39546,0.629
AL,South,0.188,42278,0.645
AL,South,0.246,36221,0.609
AL,South,0.221,32696,0.637
AL,South,0.218,41430,0.645
AL,South,0.21,44013,0.672
AL,South,0.146,44766,0.372
AL,South,0.143,44079,0.454
AL,South,0.293,25215,0.969
AL,South,0.265,25461,0.977
AL,South,0.223,31433,0.681
AL,South,0.212,32314,0.689
AL,South,0.214,32411,0.625
AL,South,0.212,35944,0.612
AL,South,0.19,35024,0.579
AL,South,0.18,35121,0.534
AL,South,0.213,34310,0.615
AL,South,0.211,35762,0.573
AL,South,0.105,67244,0.235
AL,South,0.105,68718,0.302
AL,South,0.129,50989,0.418
AL,South,0.129,52437,0.408
AL,South,0.31,24059,0.856
AL,South,0.284,24504,0.552
AL,South,0.197,34785,0.631
AL,South,0.19,38505,0.645
AL,South,0.186,36463,0.539
AL,South,0.178,37747,0.561
AL,South,0.185,41495,0.482
AL,South,0.177,45959,0.492
AL,South,0.151,36600,0.474
AL,South,0.15,37193,0.508
AL,South,0.188,39173,0.52
AL,South,0.171,41115,0.512
AL,South,0.324,22126,0.964
AL,South,0.295,23184,0.964
AL,South,0.176,32663,0.464
AL,South,0.167,33578,0.493
AR,South,0.213,37907,0.537
AR,South,0.194,38497,0.554
AR,South,0.208,39276,0.765
AR,South,0.211,36479,0.552
AR,South,0.156,35315,0.47
AR,South,0.164,36082,0.479
AR,South,0.137,52717,0.365
AR,South,0.14,56518,0.382
AR,South,0.153,35848,0.426
AR,South,0.162,38410,0.439
AR,South,0.228,31940,0.637
AR,South,0.218,31733,0.651
AR,South,0.17,36216,0.504
AR,South,0.179,37497,0.534
AR,South,0.147,34096,0.532
AR,South,0.152,34109,0.549
AR,South,0.282,26911,0.982
AR,South,0.267,28006,0.987
AR,South,0.215,34482,0.486
AR,South,0.217,36517,0.522
AR,South,0.196,32642,0.494
AR,South,0.195,33488,0.509
AR,South,0.152,41337,0.424
AR,South,0.159,41612,0.412
AR,South,0.17,41338,0.381
AR,South,0.172,42414,0.415
AR,South,0.228,35024,0.563
AR,South,0.223,36927,0.566
AR,South,0.184,35832,0.515
AR,South,0.189,38145,0.542
AR,South,0.189,42437,0.462
AR,South,0.192,41608,0.45
AR,South,0.165,39367,0.499
AR,South,0.168,39384,0.506
AR,South,0.286,36588,0.788
AR,South,0.264,37726,0.796
AR,South,0.192,35839,0.581
AR,South,0.196,35438,0.53
AR,South,0.234,30984,0.548
AR,South,0.227,32591,0.68
AR,South,0.266,30298,0.699
AR,South,0.264,30241,0.709
AR,South,0.238,33682,0.541
AR,South,0.234,35249,0.501
AR,South,0.168,49843,0.348
AR,South,0.171,49936,0.357
AR,South,0.161,39763,0.436
AR,South,0.164,38874,0.505
AR,South,0.156,31988,0.51
AR,South,0.164,33439,0.526
AR,South,0.176,39617,0.49
AR,South,0.179,39057,0.51
AR,South,0.129,47421,0.353
AR,South,0.136,47089,0.286
AR,South,0.177,38771,0.455
AR,South,0.183,40840,0.457
AR,South,0.208,32292,0.689
AR,South,0.211,33715,0.721
AR,South,0.158,41754,0.481
AR,South,0.166,39927,0.496
AR,South,0.199,33049,0.587
AR,South,0.2,32740,0.563
AR,South,0.176,37818,0.467
AR,South,0.187,37761,0.465
AR,South,0.169,29663,0.465
AR,South,0.172,33308,0.516
AR,South,0.214,30604,0.586
AR,South,0.213,32923,0.603
AR,South,0.259,36346,0.61
AR,South,0.249,36169,0.634
AR,South,0.162,34322,0.601
AR,South,0.167,33634,0.63
AR,South,0.221,28857,0.728
AR,South,0.226,30642,0.697
AR,South,0.189,29229,0.54
AR,South,0.193,34740,0.559
AR,South,0.278,26046,0.846
AR,South,0.279,27068,0.991
AR,South,0.222,36222,0.509
AR,South,0.227,36062,0.531
AR,South,0.173,35406,0.508
AR,South,0.172,36310,0.514
AR,South,0.154,33850,0.5
AR,South,0.161,34090,0.499
AR,South,0.149,51212,0.322
AR,South,0.152,55648,0.332
AR,South,0.15,33428,0.513
AR,South,0.164,36358,0.594
AR,South,0.159,31516,0.539
AR,South,0.163,34217,0.62
AR,South,0.195,38225,0.549
AR,South,0.197,40005,0.539
AR,South,0.251,34058,0.726
AR,South,0.238,34285,0.808
AR,South,0.241,29032,0.897
AR,South,0.24,29870,0.891
AR,South,0.155,32779,0.609
AR,South,0.17,31763,0.732
AR,South,0.214,32107,0.63
AR,South,0.212,33341,0.638
AR,South,0.159,29316,0.59
AR,South,0.175,31824,0.496
AR,South,0.224,32749,0.6
AR,South,0.227,35006,0.574
AR,South,0.149,40119,0.413
AR,South,0.153,42328,0.451
AR,South,0.302,26013,0.883
AR,South,0.291,25894,0.806
AR,South,0.174,33144,0.529
AR,South,0.181,35592,0.518
AR,South,0.2,32248,0.71
AR,South,0.204,34113,0.717
AR,South,0.162,31749,0.639
AR,South,0.168,31818,0.574
AR,South,0.166,40206,0.45
AR,South,0.17,39704,0.468
AR,South,0.175,36191,0.584
AR,South,0.181,38921,0.599
AR,South,0.205,44819,0.55
AR,South,0.204,46526,0.547
AR,South,0.178,33870,0.584
AR,South,0.183,33148,0.58
AR,South,0.132,57787,0.3
AR,South,0.137,54921,0.332
AR,South,0.162,30630,0.548
AR,South,0.162,32404,0.542
AR,South,0.171,26330,0.615
AR,South,0.182,27299,0.42
AR,South,0.18,38730,0.52
AR,South,0.18,41685,0.536
AR,South,0.166,32662,0.627
AR,South,0.172,33698,0.626
AR,South,0.18,30076,0.534
AR,South,0.181,31224,0.555
AR,South,0.283,32932,0.993
AR,South,0.271,29011,0.799
AR,South,0.177,28442,0.484
AR,South,0.18,27522,0.528
AR,South,0.22,40026,0.509
AR,South,0.212,38132,0.514
AR,South,0.184,35876,0.538
AR,South,0.184,35111,0.536
AR,South,0.168,41856,0.464
AR,South,0.17,43302,0.458
AR,South,0.172,40950,0.424
AR,South,0.176,43363,0.428
AR,South,0.243,29184,0.739
AR,South,0.241,29159,0.727
AR,South,0.151,38322,0.628
AR,South,0.16,34679,0.638
DC,South,0.145,66326,0.561
DE,South,0.124,51695,0.382
DE,South,0.128,53811,0.441
DE,South,0.121,62086,0.407
DE,South,0.12,63033,0.411
DE,South,0.101,48684,0.493
DE,South,0.107,50207,0.475
FL,South,0.192,41297,0.409
FL,South,0.191,39614,0.411
FL,South,0.162,45721,0.404
FL,South,0.158,46505,0.472
FL,South,0.16,45259,0.461
FL,South,0.164,45249,0.435
FL,South,0.166,38680,0.57
FL,South,0.169,40668,0.586
FL,South,0.152,46332,0.355
FL,South,0.152,46677,0.378
FL,South,0.165,49564,0.458
FL,South,0.156,50343,0.483
FL,South,0.181,33418,0.522
FL,South,0.176,33977,
FL,South,0.141,44454,0.493
FL,South,0.142,43611,0.503
FL,South,0.152,38937,0.464
FL,South,0.151,39285,0.506
FL,South,0.135,56359,0.286
FL,South,0.134,57991,0.33
FL,South,0.142,54475,0.517
FL,South,0.133,55584,0.53
FL,South,0.171,37091,0.526
FL,South,0.177,41722,0.558
FL,South,0.173,33602,0.658
FL,South,0.169,33198,0.698
FL,South,0.166,31913,0.664
FL,South,0.173,31649,0.681
FL,South,0.192,43835,0.482
FL,South,0.188,47876,0.473
FL,South,0.183,44539,0.515
FL,South,0.183,42742,0.543
FL,South,0.17,44460,0.504
FL,South,0.163,47872,0.521
FL,South,0.177,37868,0.656
FL,South,0.175,33471,
FL,South,0.244,35854,0.769
FL,South,0.232,34348,0.803
FL,South,0.148,38016,0.458
FL,South,0.157,39854,
FL,South,0.16,37004,0.515
FL,South,0.166,39003,0.525
FL,South,0.165,34940,0.432
FL,South,0.175,38880,0.438
FL,South,0.211,32232,0.69
FL,South,0.204,33836,0.736
FL,South,0.172,34012,0.691
FL,South,0.162,34884,0.725
FL,South,0.202,36515,0.722
FL,South,0.187,37085,0.728
FL,South,0.157,37093,0.47
FL,South,0.154,39280,0.483
FL,South,0.156,34722,0.597
FL,South,0.156,34054,0.634
FL,South,0.173,46534,0.478
FL,South,0.165,49510,0.492
FL,South,0.15,36272,0.525
FL,South,0.159,33220,0.554
FL,South,0.164,42638,0.468
FL,South,0.159,44326,0.48
FL,South,0.158,34978,0.502
FL,South,0.164,36332,0.533
FL,South,0.183,38244,0.67
FL,South,0.184,39494,0.748
FL,South,0.138,34054,0.514
FL,South,0.156,37120,
FL,South,0.149,41579,0.464
FL,South,0.147,44244,0.478
FL,South,0.154,46396,0.542
FL,South,0.148,46605,0.556
FL,South,0.203,46014,0.368
FL,South,0.204,46975,0.391
FL,South,0.176,32815,0.608
FL,South,0.17,33193,0.625
FL,South,0.16,37726,0.447
FL,South,0.166,36561,
FL,South,0.209,31469,0.699
FL,South,0.206,30391,0.691
FL,South,0.155,46999,0.476
FL,South,0.15,48066,0.481
FL,South,0.17,37287,0.547
FL,South,0.164,38783,0.578
FL,South,0.139,47120,0.349
FL,South,0.139,51159,0.359
FL,South,0.178,41311,0.623
FL,South,0.153,41840,0.632
FL,South,0.128,52152,0.375
FL,South,0.129,50380,0.366
FL,South,0.132,55367,0.356
FL,South,0.135,56987,0.371
FL,South,0.139,52381,0.312
FL,South,0.145,54265,0.305
FL,South,0.177,34742,0.628
FL,South,0.176,35954,0.671
FL,South,0.178,45565,0.502
FL,South,0.169,46675,0.473
FL,South,0.161,42743,0.539
FL,South,0.147,41592,0.573
FL,South,0.162,51217,0.457
FL,South,0.154,51768,0.472
FL,South,0.154,42695,0.442
FL,South,0.148,45454,0.48
FL,South,0.159,44819,0.427
FL,South,0.157,43773,0.472
FL,South,0.173,41337,0.583
FL,South,0.167,42447,0.593
FL,South,0.192,33593,0.726
FL,South,0.193,32852,0.697
FL,South,0.134,59854,0.345
FL,South,0.138,54876,0.341
FL,South,0.143,48239,0.408
FL,South,0.141,48717,0.419
FL,South,0.143,54901,0.334
FL,South,0.138,55195,0.365
FL,South,0.126,62112,0.195
FL,South,0.127,66312,0.207
FL,South,0.18,41934,0.531
FL,South,0.173,42825,0.57
FL,South,0.122,47017,0.501
FL,South,0.126,52670,0.517
FL,South,0.162,34434,0.586
FL,South,0.168,35666,0.61
FL,South,0.169,36257,0.623
FL,South,0.174,38370,0.653
FL,South,0.172,39486,0.513
FL,South,0.178,40841,
FL,South,0.159,40114,0.479
FL,South,0.156,40908,0.492
FL,South,0.134,46773,0.395
FL,South,0.145,47430,0.399
FL,South,0.133,40239,0.439
FL,South,0.142,45357,0.495
FL,South,0.176,36560,0.54
FL,South,0.176,35671,0.527
GA,South,0.182,35757,0.588
GA,South,0.173,36915,0.601
GA,South,0.214,28693,0.674
GA,South,0.206,30883,0.743
GA,South,0.172,32460,0.529
GA,South,0.165,33781,0.569
GA,South,0.24,30042,0.798
GA,South,0.241,37135,0.804
GA,South,0.246,35412,0.664
GA,South,0.234,35815,0.674
GA,South,0.119,43102,0.572
GA,South,0.125,42495,0.668
GA,South,0.134,49608,0.513
GA,South,0.132,54668,0.486
GA,South,0.15,46693,0.506
GA,South,0.149,46330,0.507
GA,South,0.238,29155,0.732
GA,South,0.237,30090,0.715
GA,South,0.183,32955,0.605
GA,South,0.175,37903,0.584
GA,South,0.23,36198,0.721
GA,South,0.225,36816,0.736
GA,South,0.204,40922,0.504
GA,South,0.196,40369,0.5
GA,South,0.152,36303,0.552
GA,South,0.154,36758,0.551
GA,South,0.183,32176,0.74
GA,South,0.188,34367,0.778
GA,South,0.13,61561,0.311
GA,South,0.134,66066,0.288
GA,South,0.221,35078,0.518
GA,South,0.224,36484,0.527
GA,South,0.234,32324,0.711
GA,South,0.231,32675,0.714
GA,South,0.168,42815,0.554
GA,South,0.163,43330,0.588
GA,South,0.252,28818,0.736
GA,South,0.241,30727,0.735
GA,South,0.161,51638,0.37
GA,South,0.162,49098,0.388
GA,South,0.178,31703,0.65
GA,South,0.181,31427,0.657
GA,South,0.171,43636,0.56
GA,South,0.166,45493,0.551
GA,South,0.116,46600,0.405
GA,South,0.119,50847,0.403
GA,South,0.163,32626,0.621
GA,South,0.162,35165,0.605
GA,South,0.197,42694,0.55
GA,South,0.194,45254,0.567
GA,South,0.241,43020,0.512
GA,South,0.239,46893,0.497
GA,South,0.166,34976,0.55
GA,South,0.172,34440,0.576
GA,South,0.103,68800,0.254
GA,South,0.104,67686,0.251
GA,South,0.219,32720,0.742
GA,South,0.215,32864,0.726
GA,South,0.265,26957,0.821
GA,South,0.27,27102,0.803
GA,South,0.24,37594,0.744
GA,South,0.232,40606,0.772
GA,South,0.212,31347,0.624
GA,South,0.193,30094,0.665
GA,South,0.148,62596,0.389
GA,South,0.145,62866,0.396
GA,South,0.213,32646,0.672
GA,South,0.202,33615,0.671
GA,South,0.185,32692,0.661
GA,South,0.18,33095,0.666
GA,South,0.108,69582,0.254
GA,South,0.115,72531,0.254
GA,South,0.201,32107,0.615
GA,South,0.191,32327,0.66
GA,South,0.135,61153,0.365
GA,South,0.137,61469,0.386
GA,South,0.171,42409,0.693
GA,South,0.168,43392,0.719
GA,South,0.248,29175,0.719
GA,South,0.241,30481,0.744
GA,South,0.121,40984,0.435
GA,South,0.128,43446,0.433
GA,South,0.118,54503,0.371
GA,South,0.122,52804,0.39
GA,South,0.215,49061,0.623
GA,South,0.206,49894,0.654
GA,South,0.237,30331,0.661
GA,South,0.226,34102,0.678
GA,South,0.197,32926,0.594
GA,South,0.19,33893,
GA,South,0.251,30371,0.747
GA,South,0.236,31620,0.858
GA,South,0.275,31065,0.754
GA,South,0.266,31575,0.765
GA,South,0.173,51540,0.507
GA,South,0.169,51941,0.5
GA,South,0.229,30953,0.686
GA,South,0.22,32357,0.698
GA,South,0.17,32664,0.642
GA,South,0.158,34809,0.653
GA,South,0.127,62568,0.329
GA,South,0.128,61062,0.335
GA,South,0.213,33081,0.612
GA,South,0.192,34487,0.603
GA,South,0.211,28254,0.698
GA,South,0.213,30348,0.711
GA,South,0.181,31683,0.722
GA,South,0.188,32838,
GA,South,0.138,35474,0.5
GA,South,0.145,35673,0.505
GA,South,0.11,78717,0.188
GA,South,0.113,81368,0.192
GA,South,0.17,38523,0.553
GA,South,0.171,39381,0.562
GA,South,0.084,87380,0.161
GA,South,0.084,87565,0.157
GA,South,0.165,35150,0.512
GA,South,0.169,40114,0.527
GA,South,0.207,55816,0.514
GA,South,0.198,55474,0.498
GA,South,0.152,39637,0.58
GA,South,0.15,39323,0.634
GA,South,0.175,35637,0.424
GA,South,0.18,37955,0.46
GA,South,0.178,43782,0.508
GA,South,0.176,43533,0.546
GA,South,0.158,41141,0.532
GA,South,0.153,42291,0.511
GA,South,0.192,32860,0.648
GA,South,0.191,35212,0.561
GA,South,0.196,43406,0.706
GA,South,0.185,42842,0.661
GA,South,0.141,56665,0.456
GA,South,0.139,59081,0.456
GA,South,0.141,41343,0.475
GA,South,0.136,40530,0.449
GA,South,0.127,49636,0.562
GA,South,0.126,46986,0.554
GA,South,0.3,25416,0.769
GA,South,0.281,26281,0.699
GA,South,0.155,39407,0.425
GA,South,0.163,39548,0.447
GA,South,0.102,63806,0.286
GA,South,0.11,60977,0.279
GA,South,0.174,36483,0.538
GA,South,0.179,40225,0.534
GA,South,0.174,39756,0.541
GA,South,0.173,40123,0.53
GA,South,0.153,57848,0.401
GA,South,0.154,60087,0.409
GA,South,0.152,54307,0.433
GA,South,0.157,52297,0.439
GA,South,0.192,32965,0.627
GA,South,0.191,35854,0.611
GA,South,0.135,50403,0.404
GA,South,0.134,52385,0.404
GA,South,0.17,41842,0.626
GA,South,0.165,42343,0.618
GA,South,0.198,32867,0.599
GA,South,0.196,34481,0.626
GA,South,0.251,29316,0.77
GA,South,0.255,29152,0.761
GA,South,0.259,29525,0.651
GA,South,0.241,28445,0.652
GA,South,0.217,28995,0.627
GA,South,0.201,29565,0.626
GA,South,0.148,51941,0.381
GA,South,0.149,51650,0.398
GA,South,0.2,38892,0.594
GA,South,0.189,40915,0.639
GA,South,0.174,33481,0.646
GA,South,0.175,35101,0.637
GA,South,0.212,34910,0.564
GA,South,0.209,33974,0.564
GA,South,0.13,63338,0.35
GA,South,0.135,63272,0.347
GA,South,0.206,41922,0.504
GA,South,0.203,40175,0.495
GA,South,0.19,36396,0.557
GA,South,0.19,35683,0.519
GA,South,0.169,39176,0.587
GA,South,0.17,41147,0.613
GA,South,0.202,36920,0.517
GA,South,0.203,37138,0.525
GA,South,0.144,44289,0.463
GA,South,0.145,42919,0.461
GA,South,0.264,28654,0.699
GA,South,0.255,28844,0.697
GA,South,0.135,40209,0.494
GA,South,0.138,43611,0.505
GA,South,0.177,33633,0.639
GA,South,0.185,34680,0.654
GA,South,0.205,36331,0.62
GA,South,0.2,37328,0.625
GA,South,0.176,37040,0.713
GA,South,0.172,36346,0.712
GA,South,0.212,35312,0.528
GA,South,0.194,34962,0.538
GA,South,0.158,32262,0.629
GA,South,0.17,32535,0.628
GA,South,0.215,30020,0.67
GA,South,0.213,32280,0.779
GA,South,0.145,50594,0.483
GA,South,0.148,54793,0.496
GA,South,0.188,33983,0.727
GA,South,0.188,37128,0.736
GA,South,0.156,46445,0.432
GA,South,0.153,48337,0.44
GA,South,0.164,35918,0.627
GA,South,0.161,40343,0.637
GA,South,0.209,43264,0.549
GA,South,0.206,40414,0.572
GA,South,0.182,48780,0.545
GA,South,0.178,50862,0.57
GA,South,0.09,75532,0.174
GA,South,0.096,72478,0.185
GA,South,0.132,42992,0.485
GA,South,0.135,44026,0.492
GA,South,0.126,59621,0.317
GA,South,0.126,60008,0.329
GA,South,0.224,39726,0.649
GA,South,0.216,42602,0.665
GA,South,0.12,50131,0.415
GA,South,0.121,53332,0.456
GA,South,0.151,38777,0.48
GA,South,0.155,36214,0.487
GA,South,0.127,51781,0.388
GA,South,0.127,52393,0.347
GA,South,0.166,37815,0.584
GA,South,0.158,38730,0.617
GA,South,0.163,35847,0.601
GA,South,0.183,37012,0.592
GA,South,0.164,40644,0.69
GA,South,0.166,42934,
GA,South,0.236,28675,0.931
GA,South,0.22,29111,0.966
GA,South,0.161,37684,0.542
GA,South,0.169,38114,0.522
GA,South,0.239,28497,0.826
GA,South,0.241,28105,0.825
GA,South,0.235,36490,0.683
GA,South,0.232,36069,0.694
GA,South,0.185,50699,0.54
GA,South,0.179,50646,0.558
GA,South,0.187,39105,0.419
GA,South,0.195,38944,0.443
GA,South,0.221,33508,0.625
GA,South,0.212,35087,
GA,South,0.194,31785,0.663
GA,South,0.187,34814,0.671
GA,South,0.21,35761,0.644
GA,South,0.203,39068,0.661
GA,South,0.161,34384,0.504
GA,South,0.156,36318,0.512
GA,South,0.231,27009,0.832
GA,South,0.236,28304,0.853
GA,South,0.253,32590,0.769
GA,South,0.249,32474,0.762
GA,South,0.214,30909,0.79
GA,South,0.211,33168,
GA,South,0.252,27124,0.821
GA,South,0.232,28917,0.825
GA,South,0.191,37818,0.641
GA,South,0.188,35983,0.661
GA,South,0.233,30266,0.712
GA,South,0.229,30538,0.705
GA,South,0.267,27655,0.669
GA,South,0.25,28334,
GA,South,0.258,31095,0.776
GA,South,0.239,31826,0.803
GA,South,0.202,35909,0.57
GA,South,0.211,38914,0.567
GA,South,0.204,33716,0.597
GA,South,0.192,33902,0.622
GA,South,0.203,31820,0.63
GA,South,0.201,32311,0.662
GA,South,0.11,37826,0.471
GA,South,0.125,39854,0.477
GA,South,0.224,32063,0.632
GA,South,0.218,31917,0.661
GA,South,0.2,38598,0.559
GA,South,0.2,42044,0.556
GA,South,0.22,26408,0.713
GA,South,0.207,31817,0.728
GA,South,0.211,36549,0.77
GA,South,0.214,36107,0.771
GA,South,0.122,38334,0.339
GA,South,0.13,39677,0.345
GA,South,0.192,34395,0.572
GA,South,0.193,34709,0.594
GA,South,0.134,36628,0.538
GA,South,0.139,40512,0.564
GA,South,0.145,52737,0.43
GA,South,0.142,54294,0.437
GA,South,0.202,33017,0.599
GA,South,0.199,32211,0.616
GA,South,0.272,30063,0.825
GA,South,0.262,30967,0.854
GA,South,0.24,33068,0.537
GA,South,0.219,36807,0.541
GA,South,0.183,37957,0.574
GA,South,0.182,38081,0.581
GA,South,0.177,32789,0.632
GA,South,0.174,34374,0.67
GA,South,0.215,27514,0.681
GA,South,0.211,30779,0.702
GA,South,0.141,41283,0.468
GA,South,0.142,41337,0.451
GA,South,0.158,39860,0.61
GA,South,0.148,39946,0.616
GA,South,0.217,31241,0.705
GA,South,0.209,33308,0.729
GA,South,0.22,31957,0.677
GA,South,0.219,33662,0.663
GA,South,0.182,36219,0.746
GA,South,0.177,35745,0.763
GA,South,0.182,35815,0.616
GA,South,0.176,36616,0.655
KY,South,0.159,31032,0.518
KY,South,0.152,31710,0.516
KY,South,0.158,37770,0.492
KY,South,0.152,39798,0.487
KY,South,0.134,54704,0.371
KY,South,0.128,52852,0.358
KY,South,0.136,41947,0.471
KY,South,0.133,42712,0.448
KY,South,0.165,37211,0.497
KY,South,0.157,38370,0.433
KY,South,0.184,31964,0.685
KY,South,0.178,33752,0.574
KY,South,0.213,25771,0.724
KY,South,0.212,25761,0.583
KY,South,0.114,66085,0.254
KY,South,0.114,65274,0.242
KY,South,0.161,39002,0.522
KY,South,0.158,40045,0.525
KY,South,0.155,40155,0.47
KY,South,0.153,41443,0.385
KY,South,0.172,42058,0.416
KY,South,0.164,43585,0.425
KY,South,0.147,41217,0.47
KY,South,0.14,43222,0.454
KY,South,0.185,25831,0.736
KY,South,0.193,26869,0.642
KY,South,0.156,40530,0.502
KY,South,0.147,40107,0.551
KY,South,0.13,56377,0.388
KY,South,0.121,57462,0.395
KY,South,0.156,37603,0.489
KY,South,0.153,36670,0.473
KY,South,0.154,36613,0.546
KY,South,0.15,37317,0.499
KY,South,0.149,37478,0.432
KY,South,0.151,37977,0.406
KY,South,0.137,54627,0.404
KY,South,0.134,53321,0.414
KY,South,0.131,41990,0.498
KY,South,0.123,38283,0.458
KY,South,0.184,40473,0.588
KY,South,0.181,41792,0.554
KY,South,0.16,35721,0.535
KY,South,0.161,34767,0.505
KY,South,0.158,28734,0.619
KY,South,0.156,29303,0.592
KY,South,0.211,37539,0.595
KY,South,0.2,41333,0.571
KY,South,0.162,45116,0.496
KY,South,0.152,45516,0.495
KY,South,0.218,22834,0.657
KY,South,0.205,24173,0.656
KY,South,0.168,26899,0.571
KY,South,0.171,27443,0.584
KY,South,0.141,35250,0.432
KY,South,0.147,37372,0.437
KY,South,0.175,27049,0.597
KY,South,0.175,30043,0.594
KY,South,0.14,44502,0.509
KY,South,0.138,46908,0.453
KY,South,0.16,36039,0.466
KY,South,0.154,36324,0.458
KY,South,0.192,28893,0.711
KY,South,0.188,29544,0.61
KY,South,0.181,29895,0.614
KY,South,0.169,30388,0.587
KY,South,0.167,46452,0.421
KY,South,0.163,47959,0.38
KY,South,0.153,34231,0.505
KY,South,0.148,35454,0.496
KY,South,0.177,31061,0.676
KY,South,0.183,31229,0.686
KY,South,0.153,46946,0.427
KY,South,0.151,46309,0.421
KY,South,0.237,28754,0.804
KY,South,0.232,28550,0.711
KY,South,0.15,43469,0.629
KY,South,0.152,44142,0.618
KY,South,0.157,42620,0.514
KY,South,0.142,42853,0.461
KY,South,0.152,46103,0.501
KY,South,0.14,43861,0.481
KY,South,0.153,39280,0.543
KY,South,0.152,39960,0.516
KY,South,0.173,35126,0.563
KY,South,0.167,32813,0.494
KY,South,0.151,32246,0.509
KY,South,0.15,32309,0.493
KY,South,0.14,43869,0.41
KY,South,0.138,44581,0.351
KY,South,0.122,50095,0.4
KY,South,0.118,50809,0.379
KY,South,0.158,48852,0.375
KY,South,0.156,48327,0.374
KY,South,0.191,27137,0.617
KY,South,0.207,25460,0.506
KY,South,0.165,38249,0.481
KY,South,0.162,42228,0.471
KY,South,0.164,31387,0.543
KY,South,0.158,33588,0.627
KY,South,0.15,41745,0.49
KY,South,0.15,42492,0.455
KY,South,0.155,45119,0.479
KY,South,0.151,48245,0.446
KY,South,0.152,39376,0.388
KY,South,0.153,38733,0.512
KY,South,0.151,40076,0.489
KY,South,0.151,40782,0.512
KY,South,0.224,27456,0.75
KY,South,0.208,28759,0.699
KY,South,0.178,45913,0.563
KY,South,0.172,47495,0.523
KY,South,0.148,47872,0.455
KY,South,0.144,52011,0.446
KY,South,0.161,35195,0.509
KY,South,0.16,34593,0.539
KY,South,0.143,53500,0.396
KY,South,0.139,53949,0.391
KY,South,0.173,29198,0.633
KY,South,0.181,32294,0.602
KY,South,0.214,27545,0.632
KY,South,0.21,26220,0.629
KY,South,0.141,40232,0.469
KY,South,0.139,41537,0.462
KY,South,0.163,35061,0.511
KY,South,0.158,35372,0.489
KY,South,0.176,32114,0.598
KY,South,0.169,33469,0.53
KY,South,0.195,25020,0.702
KY,South,0.207,25767,0.646
KY,South,0.176,27517,0.558
KY,South,0.18,29008,0.514
KY,South,0.17,32527,0.604
KY,South,0.186,31799,0.561
KY,South,0.196,28759,0.638
KY,South,0.185,30443,0.624
KY,South,0.178,33640,0.621
KY,South,0.168,35092,0.572
KY,South,0.128,39724,0.517
KY,South,0.13,41177,0.461
KY,South,0.154,38962,0.459
KY,South,0.152,39513,0.429
KY,South,0.145,40110,0.372
KY,South,0.145,43311,0.382
KY,South,0.16,40798,0.42
KY,South,0.16,44845,0.398
KY,South,0.212,28069,0.904
KY,South,0.214,29817,0.765
KY,South,0.153,39028,0.483
KY,South,0.149,39665,0.488
KY,South,0.128,43583,0.408
KY,South,0.127,44157,0.378
KY,South,0.204,28836,0.611
KY,South,0.201,26931,0.575
KY,South,0.158,36729,0.526
KY,South,0.157,42329,0.498
KY,South,0.15,42853,0.464
KY,South,0.155,42069,0.45
KY,South,0.215,23810,0.705
KY,South,0.208,24406,0.636
KY,South,0.14,39789,0.462
KY,South,0.139,38128,0.444
KY,South,0.169,48452,0.386
KY,South,0.154,45984,0.366
KY,South,0.2,28459,0.622
KY,South,0.193,30047,0.523
KY,South,0.149,41129,0.412
KY,South,0.145,43903,0.407
KY,South,0.161,29499,0.62
KY,South,0.138,30899,0.588
KY,South,0.163,28516,0.584
KY,South,0.159,29900,0.547
KY,South,0.176,38900,0.509
KY,South,0.169,41326,
KY,South,0.182,30678,0.633
KY,South,0.188,31579,0.724
KY,South,0.153,38388,0.489
KY,South,0.151,37048,0.446
KY,South,0.157,46235,0.446
KY,South,0.148,49444,0.469
KY,South,0.152,36514,0.537
KY,South,0.143,37006,0.123
KY,South,0.14,38273,0.55
KY,South,0.138,40622,0.544
KY,South,0.103,77851,0.161
KY,South,0.097,86580,0.167
KY,South,0.132,40353,0.517
KY,South,0.137,42134,0.416
KY,South,0.206,22148,0.765
KY,South,0.196,22715,1.0
KY,South,0.154,46663,0.491
KY,South,0.141,45570,0.482
KY,South,0.175,32323,0.643
KY,South,0.183,32300,0.603
KY,South,0.153,33736,0.52
KY,South,0.162,35071,0.464
KY,South,0.196,31826,0.646
KY,South,0.186,31923,0.606
KY,South,0.169,32339,0.549
KY,South,0.166,34355,0.513
KY,South,0.184,36770,0.543
KY,South,0.165,38101,0.576
KY,South,0.18,30310,0.585
KY,South,0.164,33131,0.571
KY,South,0.173,35483,0.53
KY,South,0.175,37690,0.504
KY,South,0.161,28174,0.568
KY,South,0.164,30985,0.579
KY,South,0.139,63063,0.354
KY,South,0.132,61906,0.34
KY,South,0.137,56021,0.403
KY,South,0.128,56808,0.382
KY,South,0.163,41961,0.503
KY,South,0.158,39117,0.497
KY,South,0.111,65038,0.343
KY,South,0.105,66711,0.352
KY,South,0.164,34992,0.517
KY,South,0.161,36599,0.515
KY,South,0.165,37631,0.552
KY,South,0.155,38533,0.52
KY,South,0.15,42419,0.48
KY,South,0.138,43416,0.445
KY,South,0.138,43903,0.469
KY,South,0.137,45394,0.446
KY,South,0.161,41801,0.532
KY,South,0.164,44595,
KY,South,0.165,42514,0.353
KY,South,0.16,48137,0.468
KY,South,0.144,39432,0.487
KY,South,0.14,42500,0.492
KY,South,0.198,28185,0.619
KY,South,0.189,29878,0.607
KY,South,0.135,41428,0.518
KY,South,0.142,40881,0.501
KY,South,0.18,29089,0.624
KY,South,0.176,30878,0.52
KY,South,0.224,25321,0.778
KY,South,0.218,25657,0.748
KY,South,0.13,58205,0.313
KY,South,0.123,59233,0.316
LA,South,0.133,36923,0.597
LA,South,0.137,38788,0.608
LA,South,0.147,36082,0.563
LA,South,0.143,38122,0.561
LA,South,0.105,65271,0.421
LA,South,0.105,70303,0.421
LA,South,0.157,41472,0.628
LA,South,0.146,44749,0.644
LA,South,0.167,32582,0.695
LA,South,0.164,33240,0.733
LA,South,0.114,44303,0.44
LA,South,0.12,46225,0.448
LA,South,0.184,31732,0.651
LA,South,0.183,33790,0.638
LA,South,0.12,52725,0.393
LA,South,0.124,51899,0.395
LA,South,0.178,40455,0.611
LA,South,0.176,39776,0.605
LA,South,0.135,44307,0.517
LA,South,0.137,43779,0.508
LA,South,0.145,34845,0.618
LA,South,0.146,35987,0.62
LA,South,0.067,50016,0.366
LA,South,0.072,51709,0.397
LA,South,0.169,31389,0.652
LA,South,0.154,33557,0.7
LA,South,0.199,32678,0.698
LA,South,0.192,34390,0.672
LA,South,0.216,29778,0.717
LA,South,0.206,30432,0.732
LA,South,0.156,38085,0.597
LA,South,0.161,39403,0.571
LA,South,0.173,47389,0.675
LA,South,0.169,47770,0.682
LA,South,0.306,24688,0.91
LA,South,0.298,26781,0.946
LA,South,0.167,42571,0.777
LA,South,0.164,41578,0.791
LA,South,0.161,31128,0.687
LA,South,0.162,32130,0.693
LA,South,0.197,28215,0.793
LA,South,0.188,31243,0.754
LA,South,0.117,37893,0.565
LA,South,0.125,41208,0.562
LA,South,0.152,42555,0.648
LA,South,0.149,41185,0.613
LA,South,0.183,39405,0.768
LA,South,0.174,40449,0.747
LA,South,0.148,36882,0.536
LA,South,0.16,35730,0.536
LA,South,0.117,37814,0.503
LA,South,0.125,40760,0.503
LA,South,0.137,45515,0.678
LA,South,0.137,46547,0.69
LA,South,0.087,42128,0.468
LA,South,0.092,42104,0.456
LA,South,0.132,48382,0.52
LA,South,0.135,54978,0.532
LA,South,0.101,49464,0.522
LA,South,0.104,52115,0.509
LA,South,0.204,36147,0.537
LA,South,0.202,34667,0.524
LA,South,0.09,52865,0.387
LA,South,0.099,53118,0.405
LA,South,0.25,23837,0.872
LA,South,0.252,26745,0.883
LA,South,0.23,28804,0.788
LA,South,0.21,28951,0.775
LA,South,0.2,33715,0.654
LA,South,0.197,35165,0.655
LA,South,0.23,33948,0.795
LA,South,0.223,36240,0.776
LA,South,0.175,36895,0.589
LA,South,0.178,39976,0.598
LA,South,0.114,49964,0.476
LA,South,0.113,51306,0.518
LA,South,0.154,41386,0.77
LA,South,0.152,42129,0.845
LA,South,0.153,41036,0.557
LA,South,0.157,39411,0.609
LA,South,0.16,33011,0.815
LA,South,0.161,35762,0.795
LA,South,0.177,33398,0.689
LA,South,0.171,32477,0.696
LA,South,0.127,37440,0.6
LA,South,0.134,37864,0.624
LA,South,0.127,40900,0.655
LA,South,0.137,40705,0.675
LA,South,0.112,55684,0.419
LA,South,0.114,56163,0.417
LA,South,0.213,33879,0.875
LA,South,0.202,34229,1.0
LA,South,0.177,46626,0.655
LA,South,0.163,48358,0.661
LA,South,0.17,47312,0.835
LA,South,0.161,47389,0.796
LA,South,0.182,34299,0.726
LA,South,0.176,33781,0.698
LA,South,0.135,41875,0.638
LA,South,0.135,42110,0.656
LA,South,0.165,37720,0.626
LA,South,0.16,39608,0.641
LA,South,0.087,58383,0.385
LA,South,0.097,61655,0.39
LA,South,0.168,36573,0.676
LA,South,0.164,40228,0.685
LA,South,0.256,26909,0.892
LA,South,0.225,28021,0.894
LA,South,0.116,48472,0.583
LA,South,0.119,51716,0.583
LA,South,0.148,35066,0.725
LA,South,0.152,35825,0.68
LA,South,0.117,45419,0.511
LA,South,0.119,43434,0.554
LA,South,0.137,43803,0.447
LA,South,0.136,42772,0.44
LA,South,0.18,30986,0.799
LA,South,0.178,31630,0.813
LA,South,0.164,36000,0.548
LA,South,0.165,35762,0.536
LA,South,0.149,47301,0.633
LA,South,0.146,48848,0.641
LA,South,0.198,32666,0.669
LA,South,0.174,34611,0.7
LA,South,0.154,50802,0.439
LA,South,0.155,52626,0.456
LA,South,0.161,35705,0.66
LA,South,0.155,35674,0.683
MD,South,0.116,38670,0.402
MD,South,0.13,39994,0.445
MD,South,0.082,87083,0.221
MD,South,0.089,85685,0.233
MD,South,0.117,62413,0.339
MD,South,0.124,64624,0.37
MD,South,0.229,39077,0.764
MD,South,0.226,41988,0.781
MD,South,0.066,87215,0.178
MD,South,0.076,91993,0.195
MD,South,0.111,48772,0.432
MD,South,0.121,46015,0.474
MD,South,0.06,79304,0.125
MD,South,0.071,82073,0.142
MD,South,0.098,62443,0.32
MD,South,0.106,64880,0.357
MD,South,0.102,89203,0.228
MD,South,0.109,87577,0.244
MD,South,0.15,41931,0.533
MD,South,0.158,42542,0.557
MD,South,0.071,80427,0.181
MD,South,0.079,83489,0.19
MD,South,0.09,41515,0.365
MD,South,0.106,44404,0.385
MD,South,0.08,76220,0.218
MD,South,0.091,77453,0.222
MD,South,0.074,108234,0.131
MD,South,0.079,108503,0.143
MD,South,0.108,49969,0.437
MD,South,0.115,55695,0.461
MD,South,0.081,94365,0.238
MD,South,0.083,97873,0.256
MD,South,0.156,69258,0.456
MD,South,0.152,71682,0.492
MD,South,0.067,79012,0.189
MD,South,0.075,80143,0.217
MD,South,0.178,34454,0.597
MD,South,0.18,36106,0.6
MD,South,0.085,85478,0.242
MD,South,0.093,78274,0.255
MD,South,0.094,61529,0.293
MD,South,0.105,57525,0.323
MD,South,0.121,52604,0.36
MD,South,0.125,55643,0.389
MD,South,0.142,50204,0.461
MD,South,0.15,47536,0.511
MD,South,0.127,55875,0.354
MD,South,0.128,52276,0.377
MS,South,0.253,29940,0.902
MS,South,0.242,31385,0.875
MS,South,0.179,35583,0.493
MS,South,0.177,33467,0.512
MS,South,0.211,32724,0.806
MS,South,0.217,33571,0.994
MS,South,0.235,33679,0.644
MS,South,0.228,31644,0.63
MS,South,0.227,29037,0.899
MS,South,0.218,30198,0.894
MS,South,0.288,28832,0.821
MS,South,0.281,29622,0.826
MS,South,0.194,31353,0.696
MS,South,0.194,32656,0.695
MS,South,0.191,36906,0.84
MS,South,0.196,37283,0.825
MS,South,0.23,31601,0.691
MS,South,0.227,32525,0.686
MS,South,0.2,32814,0.613
MS,South,0.202,32922,0.573
MS,South,0.319,26152,0.94
MS,South,0.29,25438,0.995
MS,South,0.209,33749,0.575
MS,South,0.208,34141,0.619
MS,South,0.283,30057,0.823
MS,South,0.27,30935,0.833
MS,South,0.328,25662,0.911
MS,South,0.308,27500,0.957
MS,South,0.222,31147,0.768
MS,South,0.223,32060,0.8
MS,South,0.193,32932,0.709
MS,South,0.197,32999,0.698
MS,South,0.135,55011,0.401
MS,South,0.143,59043,0.408
MS,South,0.227,32210,0.657
MS,South,0.225,34391,0.629
MS,South,0.207,31287,0.632
MS,South,0.203,35963,0.632
MS,South,0.16,46194,0.591
MS,South,0.161,43597,0.601
MS,South,0.185,37234,0.739
MS,South,0.185,38192,0.751
MS,South,0.218,32677,0.613
MS,South,0.214,31703,0.628
MS,South,0.154,41308,0.577
MS,South,0.161,43870,0.589
MS,South,0.178,40782,0.573
MS,South,0.186,41657,0.575
MS,South,0.249,34786,0.745
MS,South,0.247,34826,0.743
MS,South,0.352,22535,0.95
MS,South,0.327,22674,0.956
MS,South,0.34,22945,0.944
MS,South,0.328,22599,0.95
MS,South,0.27,31254,
MS,South,0.146,36308,0.545
MS,South,0.152,39927,0.53
MS,South,0.175,45993,0.512
MS,South,0.176,47813,0.531
MS,South,0.218,31861,0.807
MS,South,0.214,33606,0.766
MS,South,0.344,24437,0.955
MS,South,0.319,26401,0.96
MS,South,0.252,27098,0.993
MS,South,0.239,27754,0.993
MS,South,0.181,35322,0.635
MS,South,0.184,36204,0.646
MS,South,0.262,29162,0.848
MS,South,0.25,30849,0.848
MS,South,0.194,40696,0.467
MS,South,0.194,40749,0.467
MS,South,0.159,48057,0.43
MS,South,0.17,51337,0.437
MS,South,0.222,35874,0.649
MS,South,0.218,35038,0.634
MS,South,0.195,35342,0.635
MS,South,0.192,36317,0.625
MS,South,0.215,30062,0.76
MS,South,0.22,34099,0.787
MS,South,0.188,41371,0.534
MS,South,0.187,43221,0.516
MS,South,0.329,25075,0.94
MS,South,0.31,24704,0.949
MS,South,0.187,35653,0.554
MS,South,0.193,33632,0.552
MS,South,0.231,36626,0.615
MS,South,0.229,38839,0.619
MS,South,0.167,60387,0.43
MS,South,0.172,64657,0.422
MS,South,0.202,31334,0.729
MS,South,0.208,32628,0.738
MS,South,0.229,33423,0.86
MS,South,0.221,36728,0.853
MS,South,0.201,36089,0.608
MS,South,0.202,36264,0.636
MS,South,0.238,29863,0.724
MS,South,0.247,30128,0.731
MS,South,0.168,34881,0.6
MS,South,0.177,34719,0.588
MS,South,0.174,33333,0.588
MS,South,0.182,36904,0.573
MS,South,0.317,26021,0.994
MS,South,0.299,26459,0.993
MS,South,0.256,32132,0.644
MS,South,0.251,33594,0.675
MS,South,0.242,33489,0.77
MS,South,0.232,33129,0.747
MS,South,0.169,36001,0.614
MS,South,0.173,41706,0.615
MS,South,0.174,33667,0.663
MS,South,0.176,34771,0.671
MS,South,0.242,32196,0.724
MS,South,0.236,30835,0.775
MS,South,0.154,39710,0.533
MS,South,0.154,40245,0.529
MS,South,0.179,33705,0.542
MS,South,0.183,34219,0.584
MS,South,0.301,24117,0.993
MS,South,0.291,26100,0.993
MS,South,0.129,56101,0.374
MS,South,0.141,55838,0.364
MS,South,0.18,32989,0.712
MS,South,0.182,31850,0.719
MS,South,0.296,26139,0.939
MS,South,0.284,27380,0.925
MS,South,0.19,34538,0.723
MS,South,0.192,35039,0.736
MS,South,0.158,34678,0.569
MS,South,0.176,36581,0.556
MS,South,0.16,41097,0.515
MS,South,0.167,40294,0.544
MS,South,0.317,25272,0.893
MS,South,0.306,28562,0.918
MS,South,0.257,27121,0.873
MS,South,0.245,29780,0.879
MS,South,0.189,40811,0.624
MS,South,0.19,40624,0.609
MS,South,0.194,34142,0.624
MS,South,0.186,35908,0.612
MS,South,0.169,34223,0.557
MS,South,0.166,35891,0.526
MS,South,0.332,30200,0.934
MS,South,0.312,30033,0.94
MS,South,0.178,40337,0.54
MS,South,0.18,40148,0.535
MS,South,0.219,28920,0.73
MS,South,0.223,30289,0.743
MS,South,0.228,38911,0.673
MS,South,0.226,41883,0.684
MS,South,0.323,28444,0.883
MS,South,0.31,28948,0.891
MS,South,0.216,33140,0.732
MS,South,0.217,31688,0.738
MS,South,0.209,35278,0.538
MS,South,0.205,34930,0.491
MS,South,0.26,26894,0.991
MS,South,0.245,26373,0.991
MS,South,0.239,32128,0.762
MS,South,0.237,30961,0.764
MS,South,0.216,32164,0.71
MS,South,0.203,32660,0.714
MS,South,0.272,28499,0.857
MS,South,0.268,28757,0.864
NC,South,0.174,41394,0.444
NC,South,0.171,43001,0.455
NC,South,0.156,39655,0.417
NC,South,0.159,46064,0.449
NC,South,0.174,34046,0.523
NC,South,0.164,37086,0.546
NC,South,0.232,32339,0.0
NC,South,0.227,33443,0.693
NC,South,0.157,34080,0.338
NC,South,0.163,35155,0.363
NC,South,0.167,34727,0.482
NC,South,0.168,34933,0.503
NC,South,0.191,38256,0.529
NC,South,0.192,39043,0.545
NC,South,0.248,30414,0.678
NC,South,0.241,31610,0.749
NC,South,0.224,32766,0.625
NC,South,0.22,33971,0.654
NC,South,0.16,48624,0.477
NC,South,0.159,47799,0.489
NC,South,0.148,43146,0.423
NC,South,0.155,45738,0.447
NC,South,0.174,38581,0.471
NC,South,0.169,36150,0.484
NC,South,0.152,55531,0.361
NC,South,0.147,55046,0.356
NC,South,0.172,35127,0.487
NC,South,0.172,34811,0.495
NC,South,0.124,53563,0.24
NC,South,0.122,60537,0.237
NC,South,0.144,48930,0.318
NC,South,0.15,46227,0.349
NC,South,0.197,39615,0.551
NC,South,0.193,37122,0.591
NC,South,0.167,42080,0.435
NC,South,0.163,43777,0.453
NC,South,0.128,55371,0.383
NC,South,0.126,56981,0.382
NC,South,0.155,31370,0.508
NC,South,0.16,34476,0.522
NC,South,0.221,37458,0.009
NC,South,0.212,39143,0.537
NC,South,0.153,36871,0.46
NC,South,0.157,37078,0.483
NC,South,0.195,38265,0.503
NC,South,0.19,40528,0.542
NC,South,0.22,33765,0.603
NC,South,0.214,35026,0.601
NC,South,0.187,47087,0.092
NC,South,0.181,45022,0.411
NC,South,0.203,45110,0.468
NC,South,0.205,44038,0.478
NC,South,0.108,54822,0.251
NC,South,0.122,57577,0.283
NC,South,0.152,51900,0.284
NC,South,0.149,52083,0.328
NC,South,0.163,43824,0.443
NC,South,0.159,40424,0.462
NC,South,0.134,49984,0.361
NC,South,0.134,49708,0.371
NC,South,0.187,36075,0.602
NC,South,0.186,38106,0.616
NC,South,0.197,50889,0.509
NC,South,0.191,52331,0.52
NC,South,0.273,32002,0.705
NC,South,0.257,33080,0.856
NC,South,0.181,43049,0.471
NC,South,0.178,46163,0.485
NC,South,0.169,42346,0.497
NC,South,0.165,39312,0.505
NC,South,0.179,41614,0.061
NC,South,0.176,42461,0.073
NC,South,0.167,44273,0.397
NC,South,0.168,48194,0.418
NC,South,0.187,32883,0.464
NC,South,0.183,33553,0.516
NC,South,0.169,46303,0.436
NC,South,0.172,48680,0.455
NC,South,0.198,35050,0.651
NC,South,0.194,39481,0.635
NC,South,0.198,43299,0.46
NC,South,0.193,46093,0.479
NC,South,0.259,31253,0.466
NC,South,0.251,32597,0.652
NC,South,0.185,44998,0.46
NC,South,0.178,45257,0.477
NC,South,0.141,40022,0.447
NC,South,0.143,39320,0.454
NC,South,0.125,45168,0.435
NC,South,0.13,44561,0.447
NC,South,0.246,31861,0.335
NC,South,0.24,33616,0.734
NC,South,0.191,44717,0.432
NC,South,0.191,43987,0.527
NC,South,0.204,35301,0.516
NC,South,0.201,36681,0.454
NC,South,0.157,49666,0.323
NC,South,0.154,49983,0.328
NC,South,0.161,37049,0.452
NC,South,0.163,40511,0.45
NC,South,0.156,48773,0.377
NC,South,0.153,50904,0.378
NC,South,0.186,35159,0.635
NC,South,0.193,39602,0.669
NC,South,0.188,43424,0.531
NC,South,0.177,48061,0.563
NC,South,0.229,35634,0.607
NC,South,0.221,34127,0.604
NC,South,0.153,47799,0.357
NC,South,0.15,50537,0.367
NC,South,0.159,36438,0.523
NC,South,0.162,37219,0.521
NC,South,0.148,37644,0.491
NC,South,0.152,37479,0.51
NC,South,0.225,33159,0.553
NC,South,0.223,34761,0.571
NC,South,0.176,36584,0.498
NC,South,0.169,36840,0.548
NC,South,0.188,55392,0.46
NC,South,0.181,54657,0.46
NC,South,0.159,36210,0.478
NC,South,0.165,38303,0.328
NC,South,0.201,35272,0.656
NC,South,0.191,35613,0.655
NC,South,0.148,49670,0.367
NC,South,0.153,50169,0.39
NC,South,0.216,40937,0.545
NC,South,0.21,41575,0.515
NC,South,0.176,50890,0.369
NC,South,0.174,48651,0.366
NC,South,0.237,31217,0.67
NC,South,0.237,31732,0.715
NC,South,0.169,44263,0.314
NC,South,0.171,45213,0.319
NC,South,0.154,53026,0.252
NC,South,0.156,59472,0.263
NC,South,0.152,41004,0.514
NC,South,0.157,43517,0.533
NC,South,0.21,43935,0.474
NC,South,0.204,40094,0.513
NC,South,0.173,43318,0.467
NC,South,0.17,44949,0.472
NC,South,0.184,42494,0.506
NC,South,0.178,42504,0.509
NC,South,0.185,42546,0.423
NC,South,0.178,42091,0.43
NC,South,0.225,39343,0.498
NC,South,0.215,40940,0.508
NC,South,0.127,41719,0.445
NC,South,0.142,43665,0.489
NC,South,0.157,41815,0.466
NC,South,0.154,40896,0.497
NC,South,0.228,30726,0.632
NC,South,0.219,32825,0.659
NC,South,0.235,29965,0.741
NC,South,0.228,30248,0.723
NC,South,0.181,37577,0.487
NC,South,0.181,40446,0.493
NC,South,0.178,40400,0.513
NC,South,0.174,41475,0.547
NC,South,0.198,34193,0.488
NC,South,0.19,35544,0.513
NC,South,0.183,37420,0.615
NC,South,0.179,35890,0.612
NC,South,0.275,31704,0.668
NC,South,0.264,32314,
NC,South,0.162,42816,0.426
NC,South,0.158,42801,0.44
NC,South,0.139,42272,0.379
NC,South,0.149,44552,0.401
NC,South,0.161,36934,0.461
NC,South,0.159,36221,0.485
NC,South,0.183,36280,0.436
NC,South,0.181,34552,0.468
NC,South,0.139,40642,0.444
NC,South,0.148,40578,0.485
NC,South,0.191,30728,0.616
NC,South,0.192,32642,0.598
NC,South,0.125,61260,0.272
NC,South,0.124,63912,0.28
NC,South,0.265,34371,0.699
NC,South,0.249,35565,0.699
NC,South,0.15,64107,0.279
NC,South,0.149,65433,0.29
NC,South,0.252,33068,0.692
NC,South,0.235,33767,0.728
NC,South,0.247,32545,0.718
NC,South,0.232,31596,0.729
NC,South,0.184,38563,0.275
NC,South,0.19,38380,0.305
NC,South,0.196,38776,0.52
NC,South,0.196,41526,0.535
NC,South,0.177,35362,0.523
NC,South,0.173,35895,0.533
NC,South,0.236,37440,0.579
NC,South,0.226,40772,0.556
NC,South,0.142,40012,0.422
NC,South,0.145,40998,0.455
NC,South,0.159,36019,0.477
NC,South,0.16,35866,0.469
OK,South,0.174,31544,0.648
OK,South,0.18,31997,0.663
OK,South,0.122,43892,0.448
OK,South,0.13,50190,0.326
OK,South,0.168,36614,0.619
OK,South,0.167,34973,0.694
OK,South,0.119,52134,0.458
OK,South,0.115,55279,0.427
OK,South,0.138,50342,0.452
OK,South,0.141,49578,0.447
OK,South,0.159,40797,0.62
OK,South,0.144,41276,0.589
OK,South,0.159,37157,0.589
OK,South,0.164,36601,0.594
OK,South,0.164,34246,0.663
OK,South,0.162,37298,0.631
OK,South,0.117,62984,0.311
OK,South,0.121,63889,0.347
OK,South,0.15,45787,0.554
OK,South,0.156,43030,0.552
OK,South,0.172,35482,0.615
OK,South,0.176,36643,0.645
OK,South,0.191,30115,0.701
OK,South,0.192,30972,0.746
OK,South,0.145,39376,0.527
OK,South,0.146,39617,0.472
OK,South,0.139,54036,0.388
OK,South,0.146,54865,0.39
OK,South,0.176,33185,0.601
OK,South,0.168,35538,0.609
OK,South,0.185,44726,0.448
OK,South,0.188,42733,0.438
OK,South,0.138,38044,0.452
OK,South,0.147,40608,0.447
OK,South,0.141,37586,0.463
OK,South,0.152,36932,0.477
OK,South,0.15,44130,0.519
OK,South,0.152,44608,0.514
OK,South,0.146,44842,0.513
OK,South,0.15,47399,0.495
OK,South,0.154,36765,0.6
OK,South,0.159,36225,0.593
OK,South,0.115,45763,0.379
OK,South,0.125,49308,0.327
OK,South,0.12,49545,0.451
OK,South,0.124,49804,0.437
OK,South,0.141,45370,0.554
OK,South,0.147,47961,0.56
OK,South,0.135,37980,0.516
OK,South,0.147,38414,0.509
OK,South,0.137,47619,0.42
OK,South,0.144,48671,0.437
OK,South,0.117,45138,0.429
OK,South,0.126,51119,0.44
OK,South,0.156,33761,0.509
OK,South,0.155,34806,0.482
OK,South,0.178,28570,0.706
OK,South,0.178,31707,0.604
OK,South,0.109,47375,0.439
OK,South,0.114,45395,0.411
OK,South,0.143,32746,0.642
OK,South,0.158,35045,0.625
OK,South,0.185,30949,0.637
OK,South,0.177,34656,0.637
OK,South,0.159,40024,0.492
OK,South,0.161,41147,0.484
OK,South,0.153,31684,0.669
OK,South,0.152,31916,0.645
OK,South,0.163,36135,0.64
OK,South,0.169,35171,0.249
OK,South,0.162,39591,0.581
OK,South,0.164,41098,0.569
OK,South,0.113,53332,0.471
OK,South,0.118,54982,0.398
OK,South,0.163,36329,0.579
OK,South,0.166,34611,0.599
OK,South,0.172,35649,0.544
OK,South,0.171,36177,0.512
OK,South,0.178,32778,0.642
OK,South,0.184,35122,0.643
OK,South,0.139,44149,0.494
OK,South,0.148,42378,0.494
OK,South,0.143,51642,0.54
OK,South,0.144,57490,0.513
OK,South,0.132,43083,0.595
OK,South,0.141,46154,0.595
OK,South,0.11,49718,0.433
OK,South,0.125,52226,0.452
OK,South,0.135,36096,0.698
OK,South,0.144,38055,0.647
OK,South,0.16,38724,0.572
OK,South,0.164,41142,0.547
OK,South,0.121,54495,0.359
OK,South,0.127,57784,0.483
OK,South,0.21,30712,0.679
OK,South,0.205,31319,0.685
OK,South,0.175,33031,0.631
OK,South,0.178,38094,0.594
OK,South,0.122,42510,0.411
OK,South,0.137,49816,0.434
OK,South,0.183,37103,0.567
OK,South,0.188,38574,0.567
OK,South,0.133,43922,0.501
OK,South,0.141,47028,0.469
OK,South,0.154,38497,0.505
OK,South,0.158,40563,0.5
OK,South,0.19,31556,0.611
OK,South,0.195,34982,0.367
OK,South,0.175,43623,0.556
OK,South,0.174,45988,0.56
OK,South,0.188,38216,0.599
OK,South,0.186,36588,0.59
OK,South,0.155,44528,0.506
OK,South,0.158,49999,1.0
OK,South,0.15,34581,0.605
OK,South,0.165,35921,0.578
OK,South,0.16,44198,0.57
OK,South,0.154,42967,0.63
OK,South,0.184,37874,0.41
OK,South,0.192,39609,0.424
OK,South,0.154,40080,0.579
OK,South,0.162,41105,0.605
OK,South,0.153,37492,0.513
OK,South,0.162,40479,0.527
OK,South,0.15,42255,0.55
OK,South,0.157,44405,0.523
OK,South,0.182,30604,0.681
OK,South,0.183,32352,0.664
OK,South,0.117,49443,0.427
OK,South,0.121,53962,0.336
OK,South,0.128,56547,0.367
OK,South,0.131,55865,0.45
OK,South,0.175,33940,0.669
OK,South,0.178,34731,0.677
OK,South,0.177,34195,0.646
OK,South,0.183,33912,0.656
OK,South,0.137,43405,0.452
OK,South,0.143,45607,0.424
OK,South,0.132,45199,0.559
OK,South,0.127,46914,0.542
OK,South,0.158,32382,0.696
OK,South,0.155,35054,0.696
OK,South,0.169,47371,0.481
OK,South,0.169,48082,0.462
OK,South,0.131,54839,0.439
OK,South,0.133,53098,0.537
OK,South,0.135,48851,0.433
OK,South,0.143,46836,0.428
OK,South,0.134,43590,0.573
OK,South,0.141,46742,0.517
OK,South,0.14,49416,0.367
OK,South,0.149,48583,0.351
OK,South,0.125,49070,0.491
OK,South,0.127,54158,0.404
SC,South,0.179,35456,0.514
SC,South,0.174,36187,0.601
SC,South,0.157,45699,0.494
SC,South,0.157,43876,0.498
SC,South,0.33,25633,0.901
SC,South,0.294,25753,0.897
SC,South,0.148,39905,0.435
SC,South,0.147,41591,0.438
SC,South,0.266,30170,0.616
SC,South,0.248,30762,0.68
SC,South,0.24,32042,0.58
SC,South,0.229,31899,0.645
SC,South,0.132,54139,0.45
SC,South,0.13,56354,0.463
SC,South,0.151,49872,0.473
SC,South,0.148,50794,0.491
SC,South,0.187,42006,0.789
SC,South,0.179,40593,0.787
SC,South,0.168,48200,0.441
SC,South,0.165,51206,0.446
SC,South,0.188,37135,0.617
SC,South,0.189,37726,0.623
SC,South,0.226,33718,0.604
SC,South,0.209,36523,0.633
SC,South,0.206,31936,0.547
SC,South,0.202,33591,0.595
SC,South,0.232,30519,0.634
SC,South,0.223,30096,0.685
SC,South,0.21,33208,0.708
SC,South,0.196,33817,0.696
SC,South,0.201,34103,0.662
SC,South,0.196,34209,0.662
SC,South,0.266,29205,0.726
SC,South,0.25,33696,0.762
SC,South,0.138,53924,0.345
SC,South,0.138,55193,0.395
SC,South,0.172,42065,0.552
SC,South,0.169,44862,0.561
SC,South,0.226,34007,0.663
SC,South,0.223,35531,0.799
SC,South,0.199,40577,0.573
SC,South,0.191,41028,0.607
SC,South,0.181,40962,0.568
SC,South,0.172,41213,0.586
SC,South,0.141,47044,0.411
SC,South,0.141,49476,0.421
SC,South,0.181,37187,0.515
SC,South,0.184,37217,0.521
SC,South,0.228,32934,0.686
SC,South,0.216,32941,0.703
SC,South,0.159,40249,0.564
SC,South,0.158,41808,0.572
SC,South,0.19,35692,0.649
SC,South,0.179,34852,0.601
SC,South,0.15,46019,0.484
SC,South,0.148,44787,0.467
SC,South,0.192,43479,0.496
SC,South,0.177,40837,0.496
SC,South,0.17,36483,0.613
SC,South,0.167,36771,0.647
SC,South,0.25,30053,0.828
SC,South,0.236,30972,0.869
SC,South,0.121,52249,0.378
SC,South,0.124,53880,0.494
SC,South,0.279,29140,0.772
SC,South,0.259,28520,0.788
SC,South,0.275,28927,0.713
SC,South,0.258,31185,0.701
SC,South,0.206,39413,0.588
SC,South,0.193,38186,0.609
SC,South,0.164,38808,0.578
SC,South,0.16,37890,0.574
SC,South,0.141,42062,0.481
SC,South,0.145,42077,0.5
SC,South,0.254,33796,0.642
SC,South,0.239,32180,0.745
SC,South,0.139,39823,0.374
SC,South,0.144,42400,0.397
SC,South,0.19,47606,0.416
SC,South,0.186,47492,0.382
SC,South,0.152,41552,0.619
SC,South,0.148,40366,0.848
SC,South,0.159,41327,0.448
SC,South,0.157,42638,0.477
SC,South,0.205,39014,0.603
SC,South,0.196,39182,0.635
SC,South,0.213,32717,0.574
SC,South,0.203,34042,0.58
SC,South,0.269,28121,0.852
SC,South,0.246,29391,0.864
SC,South,0.168,51427,0.353
SC,South,0.154,54927,0.359
TN,South,0.14,41038,0.416
TN,South,0.147,42365,0.43
TN,South,0.16,41726,0.524
TN,South,0.155,42288,0.541
TN,South,0.154,33560,0.6
TN,South,0.155,35559,0.451
TN,South,0.159,32591,0.626
TN,South,0.162,35715,0.69
TN,South,0.121,46100,0.363
TN,South,0.127,45348,0.352
TN,South,0.148,39821,0.469
TN,South,0.148,42665,0.474
TN,South,0.169,32895,0.642
TN,South,0.172,32325,0.638
TN,South,0.137,39262,0.516
TN,South,0.133,40809,0.387
TN,South,0.167,35591,0.506
TN,South,0.166,35929,0.52
TN,South,0.151,33094,0.515
TN,South,0.155,32773,0.537
TN,South,0.115,51557,0.391
TN,South,0.117,52544,0.416
TN,South,0.153,40064,0.452
TN,South,0.152,40779,0.468
TN,South,0.164,33022,0.578
TN,South,0.163,32775,0.612
TN,South,0.157,29052,0.439
TN,South,0.156,30587,
TN,South,0.188,30141,0.655
TN,South,0.18,30950,0.651
TN,South,0.15,41328,0.458
TN,South,0.152,43375,0.469
TN,South,0.178,35838,0.569
TN,South,0.168,37085,0.518
TN,South,0.138,39522,0.53
TN,South,0.139,36163,0.543
TN,South,0.181,44864,0.586
TN,South,0.175,47239,0.637
TN,South,0.142,35688,0.569
TN,South,0.142,37392,0.58
TN,South,0.157,37167,0.503
TN,South,0.154,36213,0.489
TN,South,0.142,43501,0.432
TN,South,0.142,44991,0.444
TN,South,0.194,38121,0.572
TN,South,0.187,40158,0.609
TN,South,0.156,52163,0.711
TN,South,0.157,56058,0.699
TN,South,0.162,28388,0.638
TN,South,0.161,31065,0.617
TN,South,0.133,42066,0.479
TN,South,0.139,41477,0.502
TN,South,0.187,35807,0.484
TN,South,0.181,40083,0.412
TN,South,0.161,38251,0.484
TN,South,0.16,39880,0.5
TN,South,0.154,35278,0.554
TN,South,0.152,35301,
TN,South,0.167,34964,0.472
TN,South,0.168,35980,0.483
TN,South,0.178,27915,0.709
TN,South,0.168,26101,0.723
TN,South,0.154,36787,0.499
TN,South,0.15,38807,0.519
TN,South,0.161,47369,0.481
TN,South,0.161,47373,0.523
TN,South,0.207,25301,0.732
TN,South,0.195,26000,0.783
TN,South,0.216,32556,0.715
TN,South,0.21,34766,0.719
TN,South,0.16,35154,0.586
TN,South,0.159,36154,0.574
TN,South,0.135,36318,0.512
TN,South,0.139,36102,0.529
TN,South,0.247,32614,0.668
TN,South,0.224,34557,0.683
TN,South,0.159,36983,0.495
TN,South,0.16,40960,0.494
TN,South,0.159,35892,0.549
TN,South,0.161,37327,0.544
TN,South,0.138,36356,0.558
TN,South,0.142,33816,0.54
TN,South,0.151,37311,0.493
TN,South,0.164,37743,0.476
TN,South,0.14,42056,0.413
TN,South,0.141,41954,
TN,South,0.159,32013,0.619
TN,South,0.16,33158,0.602
TN,South,0.156,39970,0.488
TN,South,0.156,40490,0.499
TN,South,0.169,30020,0.586
TN,South,0.166,30652,0.597
TN,South,0.134,46325,0.377
TN,South,0.141,49105,0.4
TN,South,0.23,26445,0.663
TN,South,0.223,28391,0.696
TN,South,0.236,31672,0.692
TN,South,0.223,32169,0.697
TN,South,0.158,36536,0.491
TN,South,0.159,39532,0.495
TN,South,0.167,35062,0.56
TN,South,0.161,35097,0.539
TN,South,0.123,42178,0.408
TN,South,0.13,41453,0.452
TN,South,0.118,49616,0.468
TN,South,0.121,53230,0.486
TN,South,0.156,35341,0.514
TN,South,0.154,35432,0.543
TN,South,0.193,42488,0.652
TN,South,0.184,40750,0.54
TN,South,0.146,39170,0.541
TN,South,0.15,42128,0.601
TN,South,0.169,41455,0.443
TN,South,0.162,42363,0.484
TN,South,0.167,43346,0.432
TN,South,0.157,46497,0.489
TN,South,0.156,37502,0.507
TN,South,0.153,40543,0.533
TN,South,0.165,33110,0.519
TN,South,0.169,34596,0.527
TN,South,0.165,36361,0.625
TN,South,0.158,37874,0.609
TN,South,0.169,37850,0.622
TN,South,0.16,38061,0.574
TN,South,0.164,48267,0.352
TN,South,0.162,51059,0.357
TN,South,0.119,47091,0.416
TN,South,0.123,50802,0.415
TN,South,0.152,36170,0.51
TN,South,0.154,38027,0.521
TN,South,0.174,38718,0.487
TN,South,0.18,34469,0.539
TN,South,0.145,33220,0.526
TN,South,0.148,35457,
TN,South,0.187,31493,0.566
TN,South,0.181,33017,0.573
TN,South,0.171,32023,0.51
TN,South,0.172,32398,0.484
TN,South,0.148,36595,0.551
TN,South,0.143,37375,0.571
TN,South,0.164,34060,0.478
TN,South,0.163,35554,0.48
TN,South,0.165,40682,0.587
TN,South,0.168,38860,0.597
TN,South,0.127,41499,0.444
TN,South,0.135,42037,0.465
TN,South,0.128,54065,0.39
TN,South,0.127,51093,0.424
TN,South,0.139,53566,0.342
TN,South,0.137,57056,0.37
TN,South,0.222,29556,0.668
TN,South,0.204,27749,0.678
TN,South,0.135,38695,0.566
TN,South,0.142,46460,0.569
TN,South,0.142,42490,0.463
TN,South,0.143,40444,0.488
TN,South,0.221,44382,0.584
TN,South,0.211,45067,0.587
TN,South,0.14,42927,0.47
TN,South,0.14,43689,0.469
TN,South,0.147,41685,0.452
TN,South,0.151,43513,0.441
TN,South,0.129,38647,0.418
TN,South,0.137,40385,0.416
TN,South,0.123,55100,0.313
TN,South,0.123,56077,0.318
TN,South,0.159,51246,0.444
TN,South,0.154,53183,0.458
TN,South,0.144,41823,0.467
TN,South,0.14,41286,0.489
TN,South,0.151,36786,0.518
TN,South,0.153,36568,0.549
TN,South,0.143,33866,0.629
TN,South,0.147,35255,
TN,South,0.155,35201,0.511
TN,South,0.161,37393,0.523
TN,South,0.16,33576,0.562
TN,South,0.161,36327,0.563
TN,South,0.143,42371,0.39
TN,South,0.145,41542,0.411
TN,South,0.159,32016,0.549
TN,South,0.157,33318,0.568
TN,South,0.183,37595,0.476
TN,South,0.184,34809,0.463
TN,South,0.16,34534,0.513
TN,South,0.163,34320,0.553
TN,South,0.088,93003,0.111
TN,South,0.089,93241,0.111
TN,South,0.109,57676,0.297
TN,South,0.112,59655,
TX,South,0.2,41530,0.521
TX,South,0.199,41279,0.534
TX,South,0.126,57690,0.2
TX,South,0.117,62781,0.173
TX,South,0.185,39747,0.588
TX,South,0.191,41804,0.578
TX,South,0.158,40883,0.583
TX,South,0.159,41666,0.566
TX,South,0.136,55459,0.272
TX,South,0.146,56805,0.256
TX,South,0.152,52122,0.294
TX,South,0.146,44828,0.603
TX,South,0.134,46631,0.536
TX,South,0.152,51448,0.425
TX,South,0.15,52042,0.413
TX,South,0.158,38504,0.749
TX,South,0.138,37626,0.717
TX,South,0.151,48492,0.413
TX,South,0.158,50334,0.424
TX,South,0.153,50024,0.575
TX,South,0.151,50151,0.538
TX,South,0.144,33164,0.437
TX,South,0.16,34563,0.46
TX,South,0.181,39070,0.604
TX,South,0.171,41804,0.563
TX,South,0.196,48391,0.43
TX,South,0.201,50223,0.419
TX,South,0.167,49651,0.382
TX,South,0.159,49655,0.375
TX,South,0.124,52668,0.39
TX,South,0.14,54914,0.405
TX,South,0.159,40763,0.53
TX,South,0.164,42864,0.704
TX,South,0.2,40574,0.488
TX,South,0.21,41657,0.501
TX,South,0.159,64883,0.39
TX,South,0.156,66337,0.394
TX,South,0.22,40064,0.439
TX,South,0.223,39732,0.497
TX,South,0.147,39235,0.388
TX,South,0.147,39106,0.398
TX,South,0.204,26857,0.114
TX,South,0.17,27644,0.063
TX,South,0.163,43303,0.489
TX,South,0.169,38636,0.473
TX,South,0.152,43561,0.495
TX,South,0.163,45732,0.511
TX,South,0.146,49685,0.492
TX,South,0.157,49286,0.491
TX,South,0.18,42963,0.57
TX,South,0.168,46021,0.599
TX,South,0.162,44736,0.56
TX,South,0.154,51004,0.552
TX,South,0.134,41874,0.425
TX,South,0.154,42138,0.428
TX,South,0.208,31080,0.171
TX,South,0.18,33905,0.176
TX,South,0.197,37232,0.658
TX,South,0.203,37941,0.695
TX,South,0.109,53302,0.266
TX,South,0.124,59252,0.277
TX,South,0.211,36172,0.513
TX,South,0.217,37546,0.512
TX,South,0.151,40710,0.49
TX,South,0.155,40689,0.419
TX,South,0.142,73031,0.293
TX,South,0.145,74915,0.291
TX,South,0.196,35202,0.612
TX,South,0.202,37735,0.59
TX,South,0.151,34731,0.492
TX,South,0.16,33919,0.481
TX,South,0.127,51960,0.363
TX,South,0.138,50336,0.36
TX,South,0.155,35652,0.672
TX,South,0.142,37242,0.66
TX,South,0.152,37891,0.407
TX,South,0.16,38866,0.392
TX,South,0.197,32231,0.554
TX,South,0.2,33014,0.574
TX,South,0.147,81992,0.197
TX,South,0.153,81315,0.187
TX,South,0.165,35484,0.54
TX,South,0.162,35389,0.582
TX,South,0.16,40702,0.542
TX,South,0.165,42438,0.542
TX,South,0.135,59081,0.301
TX,South,0.141,70322,0.262
TX,South,0.161,36522,0.556
TX,South,0.173,35434,0.551
TX,South,0.154,37147,0.53
TX,South,0.14,39035,0.504
TX,South,0.147,51473,0.485
TX,South,0.157,53565,0.484
TX,South,0.198,46132,0.378
TX,South,0.203,50161,0.488
TX,South,0.151,55599,0.151
TX,South,0.126,58901,0.15
TX,South,0.153,46713,0.443
TX,South,0.133,50243,0.445
TX,South,0.19,36492,0.518
TX,South,0.174,35443,0.527
TX,South,0.136,40312,0.501
TX,South,0.143,42378,0.138
TX,South,0.206,47343,0.642
TX,South,0.2,47902,0.95
TX,South,0.166,36312,0.242
TX,South,0.153,38333,0.249
TX,South,0.152,40515,0.549
TX,South,0.149,45937,0.841
TX,South,0.141,39481,0.706
TX,South,0.132,37991,0.735
TX,South,0.179,37515,0.547
TX,South,0.183,37985,0.637
TX,South,0.152,71338,0.26
TX,South,0.158,75099,0.28
TX,South,0.182,35491,0.353
TX,South,0.172,33342,0.693
TX,South,0.136,35801,0.716
TX,South,0.154,35081,0.48
TX,South,0.171,34861,0.465
TX,South,0.161,33223,0.466
TX,South,0.128,35118,0.501
TX,South,0.165,37916,0.55
TX,South,0.179,39959,0.53
TX,South,0.147,49784,0.524
TX,South,0.138,53752,0.474
TX,South,0.141,34388,0.567
TX,South,0.131,35339,0.447
TX,South,0.187,40092,0.592
TX,South,0.164,39748,0.585
TX,South,0.155,58016,0.407
TX,South,0.155,59257,0.436
TX,South,0.172,38636,0.47
TX,South,0.186,40346,0.467
TX,South,0.218,34388,0.686
TX,South,0.211,34376,0.7
TX,South,0.181,43183,0.467
TX,South,0.187,42392,0.467
TX,South,0.143,46907,0.445
TX,South,0.156,50938,0.415
TX,South,0.146,38963,0.452
TX,South,0.15,40691,0.458
TX,South,0.171,34503,0.635
TX,South,0.164,36534,0.632
TX,South,0.174,33484,0.521
TX,South,0.152,86037,0.278
TX,South,0.149,87901,0.232
TX,South,0.149,40892,0.475
TX,South,0.161,41497,0.483
TX,South,0.162,45402,0.429
TX,South,0.172,44408,0.424
TX,South,0.162,32276,0.587
TX,South,0.142,35405,0.575
TX,South,0.146,46659,0.465
TX,South,0.138,49661,0.439
TX,South,0.179,59588,0.39
TX,South,0.176,60210,0.29
TX,South,0.165,39988,0.547
TX,South,0.151,47134,0.52
TX,South,0.122,51132,0.413
TX,South,0.135,50443,0.409
TX,South,0.135,46400,0.456
TX,South,0.142,48458,0.442
TX,South,0.165,36006,0.667
TX,South,0.161,37051,0.644
TX,South,0.145,43131,0.507
TX,South,0.153,48623,0.494
TX,South,0.172,46127,0.446
TX,South,0.182,44596,0.45
TX,South,0.188,43321,0.502
TX,South,0.193,46501,0.453
TX,South,0.174,42674,0.573
TX,South,0.173,44486,0.568
TX,South,0.133,62141,0.362
TX,South,0.134,59288,0.341
TX,South,0.168,40118,0.623
TX,South,0.163,39209,0.62
TX,South,0.196,28656,0.624
TX,South,0.201,30380,0.61
TX,South,0.134,37386,0.343
TX,South,0.154,39448,0.359
TX,South,0.119,51038,0.488
TX,South,0.128,52207,0.447
TX,South,0.165,34601,0.612
TX,South,0.182,36726,0.598
TX,South,0.164,52318,0.347
TX,South,0.172,52037,0.333
TX,South,0.195,51298,0.467
TX,South,0.187,52533,0.536
TX,South,0.183,44958,0.497
TX,South,0.193,43777,0.5
TX,South,0.13,61498,0.459
TX,South,0.142,64558,1.0
TX,South,0.148,31505,0.526
TX,South,0.169,34473,0.583
TX,South,0.157,55819,0.405
TX,South,0.156,59260,0.414
TX,South,0.123,60499,0.317
TX,South,0.137,69124,0.323
TX,South,0.168,38017,0.551
TX,South,0.181,39069,0.594
TX,South,0.207,33393,0.099
TX,South,0.179,34607,0.093
TX,South,0.168,37610,0.581
TX,South,0.177,40253,0.575
TX,South,0.141,46010,0.516
TX,South,0.142,50047,0.508
TX,South,0.143,56591,0.384
TX,South,0.149,59053,0.397
TX,South,0.168,40228,0.501
TX,South,0.177,41863,0.524
TX,South,0.218,33650,0.597
TX,South,0.221,34777,0.59
TX,South,0.169,42256,0.492
TX,South,0.16,46636,0.449
TX,South,0.185,30043,0.751
TX,South,0.164,31354,0.767
TX,South,0.181,42821,0.504
TX,South,0.19,44361,0.548
TX,South,0.144,50752,0.399
TX,South,0.15,50060,0.396
TX,South,0.152,44064,0.439
TX,South,0.165,50168,0.447
TX,South,0.146,45363,0.453
TX,South,0.149,48338,0.423
TX,South,0.204,39219,0.519
TX,South,0.205,39414,0.511
TX,South,0.115,43065,0.418
TX,South,0.12,44234,0.435
TX,South,0.235,41207,0.565
TX,South,0.234,42099,0.576
TX,South,0.118,34546,0.267
TX,South,0.1,35854,0.301
TX,South,0.147,43696,0.633
TX,South,0.125,41249,0.632
TX,South,0.147,56659,0.424
TX,South,0.154,55960,0.391
TX,South,0.16,38066,0.548
TX,South,0.171,40621,0.511
TX,South,0.181,37292,0.558
TX,South,0.172,43413,0.549
TX,South,0.159,55044,0.427
TX,South,0.163,61004,0.414
TX,South,0.131,68975,0.245
TX,South,0.134,75860,0.204
TX,South,0.147,40919,0.206
TX,South,0.155,42456,0.293
TX,South,0.156,38378,0.496
TX,South,0.154,38019,0.508
TX,South,0.17,38870,0.59
TX,South,0.162,41271,0.549
TX,South,0.178,39237,0.634
TX,South,0.163,39261,0.604
TX,South,0.17,33182,0.585
TX,South,0.178,34419,0.505
TX,South,0.161,32001,0.793
TX,South,0.132,35491,0.797
TX,South,0.197,37943,0.513
TX,South,0.212,37593,0.522
TX,South,0.161,34505,0.564
TX,South,0.164,36717,0.588
TX,South,0.154,48442,0.445
TX,South,0.169,48746,0.486
TX,South,0.136,41606,0.29
TX,South,0.143,43827,0.161
TX,South,0.147,49906,0.549
TX,South,0.156,52088,0.545
TX,South,0.159,42201,0.474
TX,South,0.167,43617,0.49
TX,South,0.184,48441,0.549
TX,South,0.182,46176,0.545
TX,South,0.176,36496,0.609
TX,South,0.182,36537,0.605
TX,South,0.135,51003,0.489
TX,South,0.135,56484,0.446
TX,South,0.13,44573,0.459
TX,South,0.138,49726,0.451
TX,South,0.148,44316,0.502
TX,South,0.163,45669,0.487
TX,South,0.173,41555,0.484
TX,South,0.179,46223,0.492
TX,South,0.153,34852,0.482
TX,South,0.155,37678,0.464
TX,South,0.194,36579,0.62
TX,South,0.194,37460,0.637
TX,South,0.209,33330,0.323
TX,South,0.216,36090,0.325
TX,South,0.136,47358,0.286
TX,South,0.136,50004,0.253
TX,South,0.125,42128,0.487
TX,South,0.138,42087,0.462
TX,South,0.199,40860,0.577
TX,South,0.186,42036,0.601
TX,South,0.212,31313,0.008
TX,South,0.175,32073,0.006
TX,South,0.155,36483,0.536
TX,South,0.156,38408,0.565
TX,South,0.198,40855,0.539
TX,South,0.2,41066,0.522
TX,South,0.146,51345,0.416
TX,South,0.142,53714,0.436
TX,South,0.154,31608,0.664
TX,South,0.167,31390,0.588
TX,South,0.132,61268,0.432
TX,South,0.131,71151,0.398
TX,South,0.184,38715,0.581
TX,South,0.189,40120,0.58
TX,South,0.144,39396,0.519
TX,South,0.154,40318,0.526
TX,South,0.158,37395,0.512
TX,South,0.155,47677,0.528
TX,South,0.14,45996,0.427
TX,South,0.16,41516,0.433
TX,South,0.147,65874,0.363
TX,South,0.152,69317,0.368
TX,South,0.13,47445,0.57
TX,South,0.129,46991,0.561
TX,South,0.214,35294,0.606
TX,South,0.214,36366,0.618
TX,South,0.207,35183,0.582
TX,South,0.215,36775,0.587
TX,South,0.192,40624,0.602
TX,South,0.193,38423,0.618
TX,South,0.216,35830,0.616
TX,South,0.216,38544,0.607
TX,South,0.163,34941,0.536
TX,South,0.167,35846,0.529
TX,South,0.168,48066,0.525
TX,South,0.155,48324,0.506
TX,South,0.142,55700,0.507
TX,South,0.139,60650,0.456
TX,South,0.166,52431,0.162
TX,South,0.184,49238,0.457
TX,South,0.19,51340,0.47
TX,South,0.163,40817,0.506
TX,South,0.169,39660,0.57
TX,South,0.158,50916,0.387
TX,South,0.168,49792,0.427
TX,South,0.14,63720,0.31
TX,South,0.149,61199,0.329
TX,South,0.139,44256,0.296
TX,South,0.138,41784,0.29
TX,South,0.141,42378,0.539
TX,South,0.134,43766,0.52
TX,South,0.187,40254,0.574
TX,South,0.19,39833,0.592
TX,South,0.185,35754,0.633
TX,South,0.187,37366,0.434
TX,South,0.198,32861,0.458
TX,South,0.171,32766,0.457
TX,South,0.149,41349,0.477
TX,South,0.155,42183,0.471
TX,South,0.132,56716,0.313
TX,South,0.146,60439,0.711
TX,South,0.11,56680,0.417
TX,South,0.099,61724,0.383
TX,South,0.173,33598,0.576
TX,South,0.174,34556,0.638
TX,South,0.212,33153,0.557
TX,South,0.214,31409,0.559
TX,South,0.183,34431,0.637
TX,South,0.157,37053,0.617
TX,South,0.14,40970,0.481
TX,South,0.137,45214,0.484
TX,South,0.209,39771,0.592
TX,South,0.201,40631,0.584
TX,South,0.127,85164,0.231
TX,South,0.133,92466,0.192
TX,South,0.17,35593,0.436
TX,South,0.168,36769,0.467
TX,South,0.165,44478,0.536
TX,South,0.177,44349,0.685
TX,South,0.224,35805,0.418
TX,South,0.231,37576,0.429
TX,South,0.239,31714,0.826
TX,South,0.237,32140,1.0
TX,South,0.178,42160,0.608
TX,South,0.179,42320,0.585
TX,South,0.171,48287,0.548
TX,South,0.152,46781,0.522
TX,South,0.16,37107,0.542
TX,South,0.167,36030,0.512
TX,South,0.152,47322,0.198
TX,South,0.14,50402,0.249
TX,South,0.152,49340,0.451
TX,South,0.147,53219,0.456
TX,South,0.134,48779,0.417
TX,South,0.142,51116,0.405
TX,South,0.196,37122,0.61
TX,South,0.201,36565,0.601
TX,South,0.138,48054,0.402
TX,South,0.183,46305,0.516
TX,South,0.19,47711,0.553
TX,South,0.145,52988,0.401
TX,South,0.151,56282,0.407
TX,South,0.226,23358,0.334
TX,South,0.194,25408,0.289
TX,South,0.154,40805,0.552
TX,South,0.159,43779,0.541
TX,South,0.116,60695,0.414
TX,South,0.098,59098,0.321
TX,South,0.155,37076,0.598
TX,South,0.16,35601,0.62
TX,South,0.179,56030,0.451
TX,South,0.18,56906,0.328
TX,South,0.169,43181,0.464
TX,South,0.177,44081,0.462
TX,South,0.156,34928,0.635
TX,South,0.152,37489,0.598
TX,South,0.17,39312,0.676
TX,South,0.171,40501,0.686
TX,South,0.155,43393,0.454
TX,South,0.159,45405,0.442
TX,South,0.18,57293,0.487
TX,South,0.181,60372,0.538
TX,South,0.174,33771,0.469
TX,South,0.18,33447,0.414
TX,South,0.195,39255,0.475
TX,South,0.2,40986,0.465
TX,South,0.156,43356,0.405
TX,South,0.169,46489,0.472
TX,South,0.121,49846,0.247
TX,South,0.126,54549,0.17
TX,South,0.176,32920,0.672
TX,South,0.163,35813,0.647
TX,South,0.169,39864,0.622
TX,South,0.143,38645,0.667
TX,South,0.157,42563,0.446
TX,South,0.171,43220,0.445
TX,South,0.157,49012,0.573
TX,South,0.155,51544,0.558
TX,South,0.217,38024,0.31
TX,South,0.216,40092,
TX,South,0.195,47015,0.643
TX,South,0.19,49326,0.418
TX,South,0.139,46047,0.449
TX,South,0.149,51026,0.331
TX,South,0.171,45657,0.479
TX,South,0.183,49472,0.492
TX,South,0.178,35974,0.432
TX,South,0.152,38652,0.43
TX,South,0.18,40716,0.53
TX,South,0.176,42862,0.569
TX,South,0.126,47012,0.404
TX,South,0.141,51922,0.373
TX,South,0.172,43791,0.473
TX,South,0.18,43473,0.487
TX,South,0.17,37304,0.543
TX,South,0.175,37840,0.549
TX,South,0.236,29225,0.098
TX,South,0.198,28945,0.08
TX,South,0.14,71272,0.281
TX,South,0.147,71252,0.237
TX,South,0.124,61103,0.366
TX,South,0.122,60844,0.363
TX,South,0.129,48727,0.212
TX,South,0.122,54294,0.226
TX,South,0.134,53927,0.361
TX,South,0.146,58392,0.448
TX,South,0.158,45466,0.475
TX,South,0.173,45763,0.471
TX,South,0.134,55063,0.46
TX,South,0.107,57995,0.437
TX,South,0.159,43248,0.464
TX,South,0.164,44372,0.457
TX,South,0.182,33462,0.707
TX,South,0.14,34506,0.671
TX,South,0.236,25157,0.732
TX,South,0.196,25291,0.745
VA,South,0.142,36957,0.582
VA,South,0.146,38064,
VA,South,0.094,70813,0.212
VA,South,0.098,70032,
VA,South,0.123,80942,0.415
VA,South,0.119,85562,
VA,South,0.1,44530,0.384
VA,South,0.1,44983,
VA,South,0.11,49714,0.4
VA,South,0.109,52055,
VA,South,0.115,43791,0.378
VA,South,0.119,47268,
VA,South,0.131,43814,0.39
VA,South,0.132,44062,
VA,South,0.098,99255,0.253
VA,South,0.094,101533,
VA,South,0.078,49773,0.28
VA,South,0.086,54834,
VA,South,0.079,44524,0.296
VA,South,0.093,42951,
VA,South,0.079,56910,0.278
VA,South,0.083,56888,
VA,South,0.156,36579,0.498
VA,South,0.167,38162,
VA,South,0.082,42843,0.303
VA,South,0.098,41939,
VA,South,0.062,60943,0.161
VA,South,0.071,61005,
VA,South,0.154,31973,0.562
VA,South,0.155,35167,
VA,South,0.217,34621,0.705
VA,South,0.209,37800,
VA,South,0.122,32848,0.536
VA,South,0.134,31621,
VA,South,0.168,34415,0.523
VA,South,0.167,39538,
VA,South,0.143,36289,0.317
VA,South,0.138,36915,
VA,South,0.112,41193,0.308
VA,South,0.113,47982,
VA,South,0.117,54336,0.411
VA,South,0.116,55760,
VA,South,0.12,32777,0.411
VA,South,0.122,36218,
VA,South,0.14,47828,0.547
VA,South,0.144,48394,
VA,South,0.155,32873,0.444
VA,South,0.15,35715,
VA,South,0.179,41031,0.447
VA,South,0.179,45320,
VA,South,0.114,64950,0.256
VA,South,0.114,66516,
VA,South,0.094,70371,0.171
VA,South,0.094,67454,
VA,South,0.073,67922,0.158
VA,South,0.078,74384,
VA,South,0.11,51664,0.288
VA,South,0.112,49715,
VA,South,0.145,36566,0.45
VA,South,0.154,33904,
VA,South,0.066,38268,0.323
VA,South,0.085,45527,
VA,South,0.1,59609,0.321
VA,South,0.101,63876,
VA,South,0.139,36988,0.555
VA,South,0.137,41799,
VA,South,0.231,30588,0.663
VA,South,0.217,30940,
VA,South,0.12,35147,0.443
VA,South,0.13,33386,
VA,South,0.127,51131,0.465
VA,South,0.13,51864,
VA,South,0.265,32225,0.521
VA,South,0.26,32676,
VA,South,0.141,42012,0.581
VA,South,0.143,44427,
VA,South,0.071,106690,0.198
VA,South,0.067,110658,
VA,South,0.083,86963,0.196
VA,South,0.076,89507,
VA,South,0.093,121250,0.068
VA,South,0.082,117452,
VA,South,0.069,82957,0.19
VA,South,0.07,82705,
VA,South,0.095,42211,0.359
VA,South,0.098,41652,
VA,South,0.075,63307,0.208
VA,South,0.077,63117,
VA,South,0.1,43427,0.407
VA,South,0.106,48070,
VA,South,0.244,36078,0.705
VA,South,0.231,36326,
VA,South,0.077,64027,0.243
VA,South,0.077,68166,
VA,South,0.182,47297,0.477
VA,South,0.176,48152,
VA,South,0.162,33191,0.557
VA,South,0.152,33737,
VA,South,0.102,44365,0.35
VA,South,0.106,43504,
VA,South,0.079,57173,0.269
VA,South,0.085,58824,
VA,South,0.072,81707,0.206
VA,South,0.072,76843,
VA,South,0.124,32611,0.451
VA,South,0.128,33302,
VA,South,0.074,59718,0.286
VA,South,0.084,59730,
VA,South,0.187,36996,0.65
VA,South,0.194,38036,
VA,South,0.174,36203,0.523
VA,South,0.169,35553,
VA,South,0.177,47206,0.417
VA,South,0.172,45293,
VA,South,0.071,74660,0.093
VA,South,0.075,77316,
VA,South,0.184,35489,0.591
VA,South,0.185,37588,
VA,South,0.125,58723,0.311
VA,South,0.125,60050,
VA,South,0.161,34232,0.492
VA,South,0.148,36066,
VA,South,0.204,39315,0.573
VA,South,0.188,39440,
VA,South,0.106,64606,0.282
VA,South,0.108,62495,
VA,South,0.085,78396,0.223
VA,South,0.089,75806,
VA,South,0.104,75861,0.216
VA,South,0.099,78180,
VA,South,0.093,62005,0.275
VA,South,0.097,61183,
VA,South,0.121,45090,0.62
VA,South,0.119,44697,
VA,South,0.136,47769,0.639
VA,South,0.126,46578,
VA,South,0.126,30606,0.496
VA,South,0.138,32092,
VA,South,0.184,40250,0.248
VA,South,0.177,41521,
VA,South,0.056,118934,0.124
VA,South,0.052,117680,
VA,South,0.106,54836,0.362
VA,South,0.105,53170,
VA,South,0.164,33618,0.563
VA,South,0.164,37712,
VA,South,0.18,37402,0.527
VA,South,0.18,39918,
VA,South,0.087,51094,0.28
VA,South,0.098,51805,
VA,South,0.078,68970,0.45
VA,South,0.075,71742,
VA,South,0.109,65307,0.383
VA,South,0.098,70133,
VA,South,0.26,29550,0.631
VA,South,0.243,31046,
VA,South,0.082,57051,0.286
VA,South,0.091,55128,
VA,South,0.179,37435,0.504
VA,South,0.173,38439,
VA,South,0.096,48066,0.414
VA,South,0.1,47399,
VA,South,0.142,42307,0.304
VA,South,0.147,46024,
VA,South,0.099,47234,0.394
VA,South,0.106,45990,
VA,South,0.077,68862,0.179
VA,South,0.078,72150,
VA,South,0.173,46794,0.454
VA,South,0.168,47421,
VA,South,0.192,41880,0.555
VA,South,0.188,42949,
VA,South,0.167,32138,0.673
VA,South,0.171,36211,
VA,South,0.127,47143,0.438
VA,South,0.121,49054,
VA,South,0.141,33234,0.451
VA,South,0.15,32303,
VA,South,0.161,36818,0.522
VA,South,0.157,34805,
VA,South,0.107,58673,0.305
VA,South,0.105,60829,
VA,South,0.125,41300,0.431
VA,South,0.126,41070,
VA,South,0.121,33818,0.481
VA,South,0.122,34654,
VA,South,0.266,33280,0.639
VA,South,0.254,32623,
VA,South,0.128,42236,0.453
VA,South,0.126,40608,
VA,South,0.057,84177,0.1
VA,South,0.061,82815,
VA,South,0.189,41699,0.518
VA,South,0.186,43041,
VA,South,0.07,73639,0.136
VA,South,0.072,74820,
VA,South,0.172,37636,0.553
VA,South,0.166,39077,
VA,South,0.114,62475,0.262
VA,South,0.113,65625,
VA,South,0.084,93011,0.283
VA,South,0.079,93671,
VA,South,0.11,42502,0.436
VA,South,0.115,43555,
VA,South,0.187,37440,0.375
VA,South,0.189,34635,
VA,South,0.083,58276,0.278
VA,South,0.089,60945,
VA,South,0.127,41190,0.442
VA,South,0.143,42738,
VA,South,0.228,37933,0.659
VA,South,0.217,39249,
VA,South,0.075,58550,0.188
VA,South,0.083,57663,
VA,South,0.172,37800,0.54
VA,South,0.169,37223,
VA,South,0.097,46909,0.322
VA,South,0.103,46882,
VA,South,0.08,51137,0.29
VA,South,0.088,55636,
VA,South,0.127,35912,0.442
VA,South,0.13,36107,
VA,South,0.098,47760,0.23
VA,South,0.112,47837,
VA,South,0.113,36566,0.469
VA,South,0.123,38336,
VA,South,0.1,48677,0.329
VA,South,0.103,47874,
VA,South,0.136,36235,0.478
VA,South,0.136,37475,
VA,South,0.158,43846,0.363
VA,South,0.151,46547,
VA,South,0.086,77298,0.238
VA,South,0.085,73112,
VA,South,0.077,95927,0.173
VA,South,0.076,93014,
VA,South,0.132,40379,0.448
VA,South,0.136,39712,
VA,South,0.139,61778,0.351
VA,South,0.137,59468,
VA,South,0.146,50425,0.482
VA,South,0.139,50554,
VA,South,0.195,36901,0.693
VA,South,0.181,38948,
VA,South,0.11,34760,0.403
VA,South,0.123,38336,
VA,South,0.107,61523,0.23
VA,South,0.109,62509,
VA,South,0.088,58632,0.307
VA,South,0.097,56291,
VA,South,0.106,43155,0.353
VA,South,0.106,42242,
VA,South,0.146,43883,0.484
VA,South,0.14,42434,
VA,South,0.125,45051,0.561
VA,South,0.131,45927,
VA,South,0.194,44256,0.32
VA,South,0.19,47880,
VA,South,0.149,42305,0.4
VA,South,0.146,43943,
VA,South,0.125,35800,0.471
VA,South,0.142,37490,
VA,South,0.108,38533,0.39
VA,South,0.113,41168,
VA,South,0.078,75316,0.129
VA,South,0.083,78327,
WV,South,0.145,32940,0.499
WV,South,0.141,35558,0.511
WV,South,0.13,52672,0.401
WV,South,0.132,54010,0.392
WV,South,0.135,39194,0.448
WV,South,0.161,38098,0.432
WV,South,0.158,33280,0.517
WV,South,0.158,35296,0.527
WV,South,0.144,40044,0.389
WV,South,0.14,43719,0.417
WV,South,0.161,36048,0.422
WV,South,0.164,37628,0.469
WV,South,0.172,32922,0.537
WV,South,0.167,31946,
WV,South,0.179,32885,0.595
WV,South,0.177,32640,0.617
WV,South,0.138,34753,0.48
WV,South,0.137,39399,0.498
WV,South,0.152,33445,0.533
WV,South,0.152,33720,0.499
WV,South,0.168,32912,0.454
WV,South,0.166,35344,0.496
WV,South,0.146,38029,0.406
WV,South,0.149,38268,0.413
WV,South,0.147,36248,0.461
WV,South,0.15,37218,0.473
WV,South,0.155,34896,0.488
WV,South,0.165,37444,0.521
WV,South,0.161,37025,0.413
WV,South,0.15,40249,0.45
WV,South,0.137,38171,0.404
WV,South,0.14,36053,0.432
WV,South,0.136,41221,0.395
WV,South,0.139,42197,0.408
WV,South,0.148,39352,0.407
WV,South,0.144,38640,0.429
WV,South,0.109,62924,0.278
WV,South,0.114,64916,0.324
WV,South,0.133,45813,0.442
WV,South,0.136,45858,0.424
WV,South,0.138,37345,0.463
WV,South,0.148,38462,0.442
WV,South,0.169,34023,0.577
WV,South,0.167,35524,0.595
WV,South,0.153,33542,0.502
WV,South,0.159,35773,0.505
WV,South,0.131,40638,0.43
WV,South,0.137,41705,0.42
WV,South,0.142,42395,0.425
WV,South,0.14,41583,0.446
WV,South,0.159,36730,0.518
WV,South,0.155,36454,0.485
WV,South,0.195,25246,0.701
WV,South,0.194,25205,0.706
WV,South,0.153,34688,0.539
WV,South,0.155,34320,0.531
WV,South,0.137,38673,0.35
WV,South,0.149,38320,0.391
WV,South,0.156,32736,0.622
WV,South,0.164,32431,0.614
WV,South,0.153,41503,0.318
WV,South,0.159,47281,0.307
WV,South,0.112,36798,0.476
WV,South,0.12,36787,0.452
WV,South,0.139,41087,0.44
WV,South,0.148,42719,0.453
WV,South,0.139,38681,0.462
WV,South,0.146,38451,0.479
WV,South,0.142,37973,0.402
WV,South,0.143,41009,0.406
WV,South,0.129,36824,0.423
WV,South,0.131,36868,0.432
WV,South,0.15,42935,0.386
WV,South,0.135,43172,0.405
WV,South,0.15,30826,0.478
WV,South,0.156,32199,0.483
WV,South,0.116,40431,0.384
WV,South,0.122,42187,0.371
WV,South,0.103,55172,0.281
WV,South,0.103,56102,0.291
WV,South,0.139,40199,0.435
WV,South,0.146,39998,0.443
WV,South,0.149,36951,0.47
WV,South,0.144,35458,0.467
WV,South,0.143,36554,0.375
WV,South,0.142,38147,0.454
WV,South,0.181,30819,0.487
WV,South,0.174,35982,0.522
WV,South,0.148,29352,0.562
WV,South,0.153,31051,0.58
WV,South,0.131,39665,0.413
WV,South,0.137,38720,0.437
WV,South,0.149,35423,0.456
WV,South,0.145,37591,0.522
WV,South,0.144,37826,0.451
WV,South,0.139,39401,0.456
WV,South,0.138,44593,0.439
WV,South,0.135,37676,0.468
WV,South,0.141,37705,0.494
WV,South,0.143,38676,0.492
WV,South,0.165,27382,0.564
WV,South,0.181,31805,0.593
WV,South,0.154,37759,0.435
WV,South,0.151,39444,0.425
WV,South,0.148,36999,0.481
WV,South,0.147,37132,0.526
WV,South,0.139,42065,0.433
WV,South,0.139,41205,0.45
WV,South,0.141,32880,0.513
WV,South,0.145,34525,0.582
